Id,Você mora no Brasil?,Qual estado você mora?,Qual perfil você mais se identifica?,Você é um desenvolvedor focado em front-end?,Há quanto tempo você desenvolve front-end?,AngularJS,Backbone.js,Ember.js,jQuery,KnockoutJS,Other,Você utiliza algum padrão de módulo (module pattern) Javascript?,AMD,CommonJS,Other,Você utiliza alguma ferramenta para gerenciamento de pacotes front-end?,Bower,NPM,Volo,Jam,Other,Você utiliza alguma ferramenta para a automatização de tarefas relacionadas ao desenvolvimento front-end?,Grunt,Gear,Ant,Make,Cake,Jake,Rake,Bash,Other,Você desenvolve testes para o código Javascript?,Unitários,Integração ou End-to-End,Performance,Other,Você utiliza alguma ferramenta para auxiliar a realização dos testes?,QUnit,Karma,Jasmine,Sinon,Mocha,Other,Você utiliza alguma ferramenta de controle de versão?,Git,Mercurial,Subversion,Rational,Other,Você utiliza algum pré-processador CSS?,LESS,Sass,Stylus,Roole,Other,Você usa algum framework CSS?,Twitter Bootstrap,Topcoat,Foundation,Pure CSS,Other,Você usa alguma template-engine?,dust.js,Handlebars.js,Mustache.js,Jade,A do próprio framework,Other,Você utiliza alguma outra linguagem para escrever Javascript?,Marque qual linguagem você escreve Javascript:,Minifico o HTML,Minifico os arquivos CSS,Minifico os arquivos JS,Combino arquivos CSS,Combino arquivos JS,Otimizo as imagens,Uso arquivos servidos em um CDN público,Uso arquivos servidos em um CDN próprio,Other,Quais navegadores antigos você dá suporte?,Qual navegador você utiliza para desenvolvimento?,Como você vê o seu desenvolvimento para mobile?,Sublime Text,WebStorm (Jet Brains),Notepad++,Visual Studio,Dreamweaver,VI / VIM,Emacs,TextMate,NetBeans,Eclipse,Brackets,Other
27,1,PR,B,,C,1,,,1,,,1,,1,,0,,,,,,1,1,,,,,,,,,1,,1,1,,0,,,,,,,1,1,,,,,1,1,1,,,,1,1,,1,,,0,,,,,,,0,,,,,1,1,1,,,,3,1,3,1,,,,,,,,,,,
28,1,RJ,B,,D,,1,,1,,,0,,,,1,,1,,,,1,1,,,,,,,,,0,,,,,,,,,,,,1,1,,,,,1,1,,,,,0,,,,,,0,,,,,,,0,,1,1,1,,,,1,,,1,0,2,1,,,,,,,,,,,
30,1,SC,A,1,D,,1,1,1,,,1,1,,,0,,,,,,0,,,,,,,,,,1,,,1,,0,,,,,,,0,,,,,,0,,,,,,0,,,,,,0,,,,,,,0,,,,1,,1,,,1,,1,1,4,,,1,,,,,,,,,
31,1,SP,B,,A,,,,1,,,2,,,,0,,,,,,1,1,,,,,,,,,1,,,1,,0,,,,,,,1,1,,,,,1,1,1,,,,1,,,1,,,0,,,,,,,0,,1,1,1,,,,1,,,1,0,0,1,,,,,,,,,,,
32,1,SC,E,1,B,,,,1,,,0,,,,0,,,,,,0,,,,,,,,,,0,,,,,,,,,,,,0,,,,,,0,,,,,,0,,,,,,0,,,,,,,0,,1,1,1,1,1,,,,,3,0,1,,,1,,,,,,1,,,
33,1,SP,E,1,B,,,,1,,,0,,,,0,,,,,,0,,,,,,,,,,0,,,,,,,,,,,,0,,,,,,0,,,,,,1,,,1,,,0,,,,,,,0,,1,,,,,,,,,2,0,1,,,1,,,,,,,1,,
36,1,RS,A,0,C,,,,1,,,2,,,,0,,,,,,0,,,,,,,,,,0,,,,,,,,,,,,0,,,,,,0,,,,,,1,1,,,,,0,,,,,,,0,,,,,,,,,,,3,1,2,1,,,,,,,,,,,
37,1,RS,B,,D,,1,1,1,,,1,,1,,1,1,1,,,,1,1,,,,,,,,,1,,,1,,0,,,,,,,1,1,,,,,0,,,,,,1,1,,,1,,0,,,,,,,0,,,1,1,1,1,1,,,,1,0,2,1,,,,,,,,,,,
40,1,PR,A,0,D,1,,,1,,,0,,,,1,1,,,,,0,,,,,,,,,,1,1,,,,0,,,,,,,1,1,,,,,0,,,,,,1,1,,1,,,0,,,,,,,0,,1,,1,1,1,1,,,,2,0,4,1,,,,,1,,,,,,
41,1,MG,B,,D,1,1,,1,,,2,,,,0,,,,,,0,,,,,,,,,,0,,,,,,,,,,,,1,1,,,,,0,,,,,,1,1,,,,,1,,,,,1,,1,0,,,1,,,,,,,3,0,2,1,,,,,,,,,,,
44,1,MG,B,,D,1,,,1,1,1,1,1,,,1,1,1,,1,1,1,1,,,,,,,,,1,1,1,,,1,1,,1,1,1,,1,1,,1,,1,1,1,,,,,1,1,1,1,1,,1,,1,1,1,,,1,5,,1,1,1,1,1,,,,2,0,3,1,,,1,,1,,,,,,
46,1,SP,A,0,C,,,,1,,,0,,,,0,,,,,,0,,,,,,,,,,0,,,,,,,,,,,,1,1,,1,,,0,,,,,,1,1,,,,,0,,,,,,,0,,,,,1,1,1,1,,,1,1,1,1,,1,,,,,,,,,
54,1,RS,A,1,D,,1,,1,,,0,,,,0,,,,,,0,,,,,,,,,,0,,,,,,,,,,,,1,,,1,,,1,1,,,,,0,,,,,,0,,,,,,,0,,,,,1,1,1,,1,,0,1,1,1,,1,,,,,,,,,
55,1,SP,E,1,A,,,,,,,0,,,,0,,,,,,0,,,,,,,,,,0,,,,,,,,,,,,0,,,,,,0,,,,,,1,1,,,1,,0,,,,,,,0,,,,,,,,,,,3,0,0,,,,,1,,,,,,,
58,1,RJ,B,,B,1,,,1,,,0,,,,1,1,1,,,,1,1,,,,,,,,,1,1,1,,,1,,1,1,,,,1,1,,,,,1,,1,,,,1,1,,,,,1,1,,,,1,,1,0,,1,1,,,,1,1,,3,0,2,1,1,,,,,,,,,,
61,1,RJ,B,,D,,,,1,,,0,,,,0,,,,,,0,,,,,,,,,,0,,,,,,,,,,,,1,1,,,,,0,,,,,,1,1,,,,,0,,,,,,,0,,,,1,1,1,,1,,,3,0,0,1,,1,,,,,,,,,
62,1,RJ,A,0,B,,,,1,,,0,,,,0,,,,,,0,,,,,,,,,,0,,,,,,,,,,,,1,1,,1,,,0,,,,,,1,1,,,,,0,,,,,,,0,,1,,,,,,,,,2,0,1,1,,1,1,,,,,,,,
63,1,RJ,A,0,B,,,,1,,,1,,1,,1,1,1,,,,1,1,,,1,,,,1,,0,,,,,,,,,,,,1,1,,1,,,1,1,,,,1,1,1,,,,,1,,1,1,1,1,,1,0,,1,1,,,,1,,,2,0,2,1,,,,,1,,,,,,
64,1,SP,A,1,B,,,,1,,,0,,,,0,,,,,,0,,,,,,,,,,1,1,,,,0,,,,,,,0,,,,,,0,,,,,,0,,,,,,0,,,,,,,0,,,1,1,,,,,,,1,0,0,1,,,,,,,,,,,
67,1,MG,A,0,B,,,,1,,,0,,,,0,,,,,,0,,,,,,,,,,0,,,,,,,,,,,,0,,,,,,0,,,,,,0,,,,,,0,,,,,,,1,3,,,1,,,,,,,3,0,0,,,,,,,,,,1,,
74,1,RJ,F,0,C,1,,,1,,,0,,,,0,,,,,,0,,,,,,,,,,1,1,1,,,1,,1,1,,,,1,1,,,,,1,,1,,,,1,1,,1,,,1,,,,,1,,0,,,,1,1,1,,,,,2,0,0,1,1,,,,,,,,,,
76,1,CE,B,,D,,,,1,,,0,,,,0,,,,,,0,,,,,,,,,,1,1,,,,1,1,,1,,,,1,1,,,,,1,,1,,,,0,,,,,,0,,,,,,,0,,,1,1,1,1,1,,,,2,0,2,1,,,,,,,,,,,
81,1,SP,B,,D,,,,1,,,0,,,,0,,,,,,0,,,,,,,,,,1,1,,,,1,1,,,,,,1,1,1,,,,0,,,,,,1,1,,,,,0,,,,,,,0,,,1,1,1,1,1,,,,2,0,1,1,,,,,,,,,,,
83,1,RJ,A,1,D,,,,1,,,0,,,,0,,,,,,0,,,,,,,,,,0,,,,,,,,,,,,0,,,,,,0,,,,,,1,1,,,,,0,,,,,,,0,,,1,,1,,1,1,1,,1,0,0,,,,,1,,,,,,,
85,1,RJ,F,0,D,,,,1,,,0,,,,0,,,,,,0,,,,,,,,,,0,,,,,,,,,,,,1,,,1,,,0,,,,,,1,1,,,,,1,,,,,,1,0,,,1,1,1,1,1,,,,3,0,2,1,,,1,,,,,,,,
86,1,RN,B,,D,,,,1,,,2,,,,0,,,,,,0,,,,,,,,,,0,,,,,,,,,,,,0,,,,,,1,,1,,,,0,,,,,,0,,,,,,,0,,1,1,1,1,,1,,,,2,1,2,1,,,,,,,,,,,
87,1,RJ,A,0,C,1,,,1,,,0,,,,0,,,,,,0,,,,,,,,,,0,,,,,,,,,,,,0,,,,,,0,,,,,,1,1,,,,,0,,,,,,,0,,,,1,,,1,1,,,1,0,2,1,,,,,,,,,,,
88,1,RJ,B,,B,,,,1,,,0,,,,0,,,,,,0,,,,,,,,,,0,,,,,,,,,,,,0,,,,,,1,1,,,,,0,,,,,,0,,,,,,,0,,1,,,,,,,,,3,0,4,1,,,,,,,,,1,,
89,1,SC,E,0,A,,,,1,,,2,,,,0,,,,,,0,,,,,,,,,,0,,,,,,,,,,,,1,1,,,,,0,,,,,,1,1,,,,,0,,,,,,,0,,1,1,1,1,1,1,,,,1,1,1,1,,,,,,,,,,,
92,1,GO,B,,D,1,,,1,,,1,,1,,1,1,1,,,,1,1,,,,,,,,,1,,,1,,1,1,,,,,,1,1,,,,,1,1,,,,,1,1,,,,,1,,,,1,,,1,0,,1,1,1,1,1,,,,2,1,2,1,,,,,,,,,,,
96,1,SP,B,,D,,,,1,,,1,,1,,1,1,,,,,1,1,,,,,,,,,0,,,,,,,,,,,,1,,,1,,,1,,1,,,,0,,,,,,0,,,,,,,0,,,1,,,,1,1,,,1,1,3,1,,,,,,,,,,,
97,1,RN,B,,D,,,,1,,,2,,,,0,,,,,,0,,,,,,,,,,0,,,,,,,,,,,,0,,,,,,0,,,,,,0,,,,,,0,,,,,,,0,,,1,,,,1,,,,3,0,1,,,,,,,,,,,,1
99,1,MG,B,,B,,,,1,,,0,,,,0,,,,,,0,,,,,,,,,,0,,,,,,,,,,,,0,,,,,,0,,,,,,1,1,,1,,,0,,,,,,,0,,,,,,,1,,,,2,0,0,1,,,,,,,,,,,
100,1,SC,B,,D,1,,,,,,1,1,,,0,,,,,,1,1,,,,,,,,,0,,,,,,,,,,,,1,1,,,,,1,1,1,,,,1,1,,,,,1,,,,,1,,1,0,1,,1,1,,,1,,,2,0,3,1,,,,,,,,,,,
102,1,RJ,B,,D,,,,1,,,1,,1,,0,,,,,,0,,,,,,,,,,1,1,1,,,1,1,,,,,,1,1,1,,,,1,1,,,,,1,1,,1,1,,1,,,,,1,,0,,1,1,,,,1,1,,,2,0,3,1,,,,,,,,,,,
103,1,MG,B,,C,,,,1,,,2,,,,0,,,,,,0,,,,,,,,,,0,,,,,,,,,,,,0,,,,,,0,,,,,,0,,,,,,0,,,,,,,0,,,,,,,,,,,3,0,2,,,1,,,,,,,,,
105,1,SP,A,0,D,,,,1,,,0,,,,0,,,,,,0,,,,,,,,,,1,1,,1,,1,,,1,,,,0,,,,,,0,,,,,,1,,,1,,,0,,,,,,,0,,,,,,1,1,,,,2,0,1,1,,,,,,,,,,,
106,1,CE,F,0,D,1,1,,1,,,0,,,,0,,,,,,1,1,,,,,,,,,1,1,,1,,1,,,1,,,,1,1,,,,,1,,1,,,,0,,,,,,0,,,,,,,0,,,,,,,,,,,2,0,2,1,,,,,,,,,,,
107,1,RJ,B,,D,,,,1,,,1,,1,,0,,,,,,1,1,,,1,,,,,,0,,,,,,,,,,,,1,1,,,,,1,1,1,,,,0,,,,,,0,,,,,,,0,,1,,1,,,,,,,2,1,0,,,,,,1,,,,,,
108,1,CE,B,,A,,,,,,,0,,,,0,,,,,,0,,,,,,,,,,0,,,,,,,,,,,,0,,,,,,0,,,,,,0,,,,,,0,,,,,,,0,,,,,1,,1,,,,2,0,2,,,1,,,,,,,,,
111,1,MG,B,,D,,,,1,,,0,,,,0,,,,,,0,,,,,,,,,,0,,,,,,,,,,,,0,,,,,,0,,,,,,1,1,,,,,1,,,,,1,,0,,1,1,1,1,1,,1,,,2,0,2,,,,,,,,,1,,,1
112,1,RJ,B,,D,,,,1,,,0,,,,0,,,,,,0,,,,,,,,,,0,,,,,,,,,,,,1,,,1,,,1,1,,,,,0,,,,,,0,,,,,,,0,,1,1,1,1,1,1,,,,1,1,4,1,,,,,,,,,,,
114,1,RJ,B,,D,1,1,,1,1,,0,,,,1,1,1,,,,1,1,,,,,,,1,,1,1,,,,1,,1,1,,1,,1,1,,,,,1,1,,,,,1,1,,,,,1,1,1,,,1,,1,0,1,1,1,1,1,,,1,,3,0,3,,1,,,,,,,,,,
115,1,CE,B,,C,,,,1,,,0,,,,0,,,,,,1,1,,,,,,,,,0,,,,,,,,,,,,1,1,,,,,0,,,,,,1,1,,,,,0,,,,,,,0,,1,1,,1,1,,,,,1,0,2,1,,,,,,,,,,,
117,1,RS,A,0,D,,,,1,,,0,,,,0,,,,,,0,,,,,,,,,,0,,,,,,,,,,,,1,1,,,,,1,1,,,,,1,1,,,,,0,,,,,,,0,,,1,1,,,1,,,,1,0,2,1,,,,,,,,,,,
120,1,MG,F,0,D,1,,,1,,,0,,,,1,,1,,,,1,,,,,,,,,1,0,,,,,,,,,,,,1,1,,,,,1,,1,,,,1,1,,1,,,1,,,,,,,0,,,1,1,1,1,1,1,1,,3,0,4,1,,,,,1,,,,,,
121,1,SP,B,,D,,,,1,,1,1,1,,,1,1,1,,,,1,1,,,,,,,,,1,1,,,,1,,,1,1,1,,1,1,,,,,1,,1,,,,0,,,,,,1,,1,,,,,0,,1,1,1,1,1,1,,1,,2,0,4,1,,,,,,,,,,,
124,1,MG,B,,C,,,,1,,,2,,,,0,,,,,,0,,,,,,,,,,0,,,,,,,,,,,,0,,,,,,0,,,,,,0,,,,,,0,,,,,,,0,,1,1,1,1,1,1,,,,2,1,2,,,1,,1,,,,,,,
126,1,RJ,E,1,D,,,,1,,1,0,,,,0,,,,,,1,,,1,,1,,,,,1,1,,,,1,,,,,1,,1,1,1,,,,1,,1,,,1,1,1,,,,,0,,,,,,,0,,1,1,,1,,1,,,,1,1,3,1,,,,,,,,,,,1
127,1,MG,E,1,D,,,,1,,,2,,,,1,,,,,,0,,,,,,,,,,0,,,,,,,,,,,,1,1,,,,,0,,,,,,0,,,,,,0,,,,,,,0,,1,1,1,1,1,1,,,,1,1,2,1,,1,,,,,,,,,
131,1,CE,E,1,B,,,,1,,,2,,,,0,,,,,,0,,,,,,,,,,0,,,,,,,,,,,,1,1,1,,,,0,,,,,,0,,,,,,0,,,,,,,0,,,,,1,,,,,,3,0,2,1,,,,1,,,1,,,,
132,1,AL,B,,A,,,,1,,,0,,,,0,,,,,,0,,,,,,,,,,0,,,,,,,,,,,,0,,,,,,0,,,,,,0,,,,,,0,,,,,,,0,,,,,1,,,,,,3,1,0,,,,,1,,,,,,,
133,1,SP,B,,D,1,1,1,,,1,1,1,1,,1,,1,,,,1,1,,,1,,,1,1,,1,1,,,,1,,1,,1,1,1,1,1,,,,,1,1,1,1,,,1,1,,1,,,1,,1,,1,,,1,3,1,1,1,1,1,1,,,,3,1,3,1,,,,,1,,,,,,
134,1,SP,F,1,D,,,,1,,1,1,,,1,0,,,,,,0,,,,,,,,,,1,1,,1,,1,1,,,,,,1,1,,,,,1,,1,1,,,1,1,,,,,1,,1,,,,,0,,,,,1,1,1,1,,,2,0,2,1,,,,,,,,,,,
139,1,CE,B,,D,1,,,1,1,,1,,1,,1,1,1,,,,1,1,,1,,,,1,,,0,,,,,,,,,,,,1,1,,,,,0,,,,,,1,1,,1,,,1,,1,1,,,,0,,,1,1,1,1,,,,,2,0,2,1,,,,,,,1,,,,
141,1,RJ,B,,D,,,,1,,,1,,1,,0,,,,,,0,,,,,,,,,,0,,,,,,,,,,,,1,1,,1,,,1,1,1,,,,0,,,,,,0,,,,,,,0,,,1,,,,1,,,,1,1,2,1,,1,,1,,,,,,,
144,1,RJ,E,0,D,,,,1,,,0,,,,0,,,,,,0,,,,,,,,,,0,,,,,,,,,,,,1,1,,,,,0,,,,,,1,1,,,,,0,,,,,,,0,,1,1,1,1,1,1,1,,,2,0,2,,,,1,,,,,,,,
145,1,RS,B,,A,,,,1,,,2,,,,0,,,,,,1,1,,,,,,,,,0,,,,,,,,,,,,0,,,,,,0,,,,,,1,,,,1,,0,,,,,,,0,,,,,1,,,,,,0,0,0,,,1,,,,,,,,,
146,1,SP,B,,D,,,,1,,,0,,,,0,,,,,,0,,,,,,,,,,1,,,1,,0,,,,,,,1,,,,,1,0,,,,,,1,,,,,1,0,,,,,,,0,,,,,,,1,,,,1,1,2,,,,1,1,,,,,,,
148,1,MG,B,,A,1,,,,,,0,,,,0,,,,,,0,,,,,,,,,,0,,,,,,,,,,,,1,1,,,,,0,,,,,,0,,,,,,0,,,,,,,0,,1,1,1,1,1,1,,,,2,0,3,1,,,,,,,,,,,
149,1,PR,F,0,C,,,,1,,,2,,,,0,,,,,,0,,,,,,,,,,1,1,,,,1,,,,,,1,0,,,,,,0,,,,,,1,1,,,,,0,,,,,,,0,,1,,,,,,,,,3,0,2,,,,,1,,,,,,,
150,1,SP,B,,C,,,,1,,,0,,,,0,,,,,,0,,,,,,,,,,1,1,,1,,0,,,,,,,0,,,,,,1,1,,,,,1,1,,,,,0,,,,,,,0,,1,1,1,1,1,1,1,,,3,0,0,,,,,1,,,,,,,
154,1,SP,B,,B,,,,1,,,2,,,,1,1,,,,,1,1,,,,,,,,,0,,,,,,,,,,,,1,1,,1,,,0,,,,,,1,1,,,,,0,,,,,,,0,,1,1,1,1,1,1,,,,3,0,2,1,,1,,,,,,1,,,
159,1,CE,B,,D,,,,1,,,0,,,,0,,,,,,0,,,,,,,,,,0,,,,,,,,,,,,0,,,,,,0,,,,,,1,,,1,,,0,,,,,,,0,,,,,1,,,1,,,1,0,2,1,,1,,,,,,,,,
161,1,RJ,B,,D,1,,,1,,,0,,,,1,1,1,,,,1,1,,,,,,,,,0,,,,,,,,,,,,1,1,,1,,,1,1,1,,,,0,,,,,,1,,1,,,,,0,,1,1,1,1,1,1,,,,2,0,2,1,,,,,,,,,,,
163,1,PR,B,,D,,,,1,,,0,,,,0,,,,,,0,,,,,,,,,,0,,,,,,,,,,,,0,,,,,,0,,,,,,0,,,,,,0,,,,,,,0,,1,1,,1,,,,,,2,2,4,,,1,,1,,,,,,,
166,1,RJ,B,,D,,1,,1,,,0,,,,0,,,,,,0,,,,,,,,,,0,,,,,,,,,,,,1,,,1,,,1,,1,,,,1,1,,1,1,,1,,1,,,1,,0,,1,1,1,1,,1,,,,1,0,2,1,,,1,,,,,,,,
168,1,PR,A,0,C,,,,1,,,0,,,,0,,,,,,0,,,,,,,,,,0,,,,,,,,,,,,1,1,,1,,,0,,,,,,1,1,,,,,0,,,,,,,0,,,,,,,1,1,,,3,0,1,,,1,,,,,,1,1,,
169,1,SP,E,0,D,,,,1,,,0,,,,0,,,,,,0,,,,,,,,,,0,,,,,,,,,,,,1,1,,,,,0,,,,,,1,1,,1,,,0,,,,,,,0,,1,1,1,,,1,,,,2,0,2,1,,,,,,,,,,,
173,1,MG,B,,D,1,1,,1,,,1,1,,,1,1,1,,,,1,1,,,,,,,,,1,1,,,,1,,,1,,,,1,1,,1,,,1,,,,1,,1,1,,,,,0,,,,,,,0,,1,1,1,1,1,,,1,,2,0,3,1,,,,,,,,,,,
174,1,RJ,B,,D,1,1,,1,,,1,1,1,,0,,,,,,1,1,,,,,,,,,0,,,,,,,,,,,,1,1,,1,,,1,,1,,,,1,1,,1,,,1,,,1,,,,0,,,1,1,1,1,1,,,,2,0,2,1,,,,,,,,,,,
178,1,DF,E,1,B,,,,1,,,2,,,,1,,,,,,1,,,,,1,,,,,0,,,,,,,,,,,,1,1,,,,,1,1,,,,,1,1,,,,,0,,,,,,,0,,1,1,,1,,1,,,,3,0,0,1,,,,,,,,,,,
179,1,SP,B,,D,1,,,1,,,1,,1,,0,,,,,,1,1,,,,,,,,,0,,,,,,,,,,,,1,1,,1,,,0,,,,,,1,1,,,,,0,,,,,,,0,,1,1,1,,,,1,,,2,0,3,1,,,,,,,,,,,
180,1,RJ,A,0,D,,1,,1,,1,1,,1,,1,1,1,,,,1,1,,,,,,,1,,1,1,1,1,,1,1,,1,,,1,1,1,,,,,1,1,1,,,,0,,,,,,1,,1,,,,,0,,,1,1,1,1,1,1,,,2,1,2,1,,,,,1,,,,,,
181,1,SP,B,,B,,,,1,,,2,,,,0,,,,,,0,,,,,,,,,,1,,1,,,0,,,,,,,0,,,,,,0,,,,,,1,1,,1,,,0,,,,,,,0,,1,1,1,1,1,1,,,,1,0,1,1,,,,1,,,,,,,
182,1,SP,B,,B,,,,1,,,2,,,,0,,,,,,0,,,,,,,,,,0,,,,,,,,,,,,1,,,,,,0,,,,,,0,,,,,,0,,,,,,,0,,,,,,,1,,,,2,1,0,1,,,,,,,,,,,
184,1,MG,A,1,A,,,,1,,,2,,,,0,,,,,,0,,,,,,,,,,0,,,,,,,,,,,,0,,,,,,0,,,,,,0,,,,,,0,,,,,,,0,,,1,,,,,,,,3,0,1,1,,,,,,,,,,,
185,1,RS,B,,D,,,,1,,,0,,,,0,,,,,,0,,,,,,,,,,0,,,,,,,,,,,,1,1,,1,,,0,,,,,,0,,,,,,0,,,,,,,0,,1,,1,1,1,1,1,,,2,0,2,1,,1,,1,,,,,,,
188,1,SP,B,,A,1,,,,,,0,,,,1,1,1,,1,,0,,,,,,,,,,1,1,,,,1,,,1,,,,0,,,,,,0,,,,,,1,1,,1,,,1,,1,1,,,,0,,1,,,,,,,,,0,0,0,,,1,1,,,,,,,,
190,1,MG,A,0,D,,,,1,,,0,,,,0,,,,,,0,,,,,,,,,,0,,,,,,,,,,,,1,1,,,,,0,,,,,,1,1,1,,,,0,,,,,,,0,,1,1,1,1,1,1,,,,2,0,2,1,,1,,1,,1,,1,,,
194,1,SP,A,0,C,,,,1,,,1,,1,,1,,1,,,,0,,,,,,,,,,0,,,,,,,,,,,,1,1,,,,,1,,1,,,,1,1,,,,,1,,1,1,,,,1,0,,1,,,,,1,,,2,0,2,1,,,,,,,,,,,
196,1,SP,B,,D,,,,1,,,1,1,,,1,1,1,,,,1,1,,,,,,,,,0,,,,,,,,,,,,1,1,,1,,,1,,1,,,,1,,,,1,,1,,,,,1,,0,,1,1,1,1,,1,,,,2,0,2,1,,,,,,,,,,,
197,1,RS,B,,C,,,,1,,,0,,,,0,,,,,,0,,,,,,,,,,0,,,,,,,,,,,,1,,,1,,,0,,,,,,0,,,,,,0,,,,,,,0,,,1,1,,,1,,,,1,1,2,1,,,,,,,,,,,
198,1,SP,A,1,D,,1,,1,,,1,,1,,1,,1,,,,1,,,,,,,,,1,1,1,,,,1,,,1,,,,1,1,,,,,1,,1,,,,1,1,,,,,1,,,,,1,,1,0,1,1,1,1,1,,,1,,1,0,2,1,,,,,1,,,,1,,
200,1,CE,A,0,C,,,,1,,,1,1,,,1,1,1,,,,1,1,,,,,,,,,0,,,,,,,,,,,,0,,,,,,1,1,1,1,,,1,1,,1,,,1,,1,,,,,0,,,1,1,1,,,,,,1,0,2,1,,,,,,,,,,,
201,1,RJ,A,0,C,,,,1,,,1,1,,,0,,,,,,1,1,,,,,,,,,0,,,,,,,,,,,,1,1,,,,,1,1,,,,,1,1,,1,,,0,,,,,,,0,,1,,,1,1,1,,,,2,0,0,1,,,,,,,,,,,
202,1,RJ,B,,D,,,,1,,,1,1,1,,1,1,1,,,,1,1,,,1,,,1,1,,1,1,1,1,,1,,1,1,,1,,1,1,,1,,,1,1,1,,,,1,1,,1,1,,1,,,,1,,,0,,1,1,1,1,1,1,,1,,2,0,2,1,,,1,,,,,,,1,
205,1,RS,B,,B,1,,,1,,,0,,,,0,,,,,,0,,,,,,,,,,0,,,,,,,,,,,,0,,,,,,1,,1,,1,,0,,,,,,0,,,,,,,0,,1,1,1,1,1,1,1,,,2,0,1,1,,,,,,,,,,,
206,1,DF,B,,C,1,,,1,,,0,,,,1,,,,1,,0,,,,,,,,,,0,,,,,,,,,,,,1,1,,1,,,1,,1,,,,1,1,,,,,0,,,,,,,0,,1,1,1,,,1,,,,1,1,2,1,,,,,,,,,,,
207,1,SP,B,,C,,,,1,,,0,,,,0,,,,,,0,,,,,,,,,,0,,,,,,,,,,,,1,1,,,,,1,,1,,,,1,1,,1,1,,0,,,,,,,0,,,1,1,,,1,,,,2,0,3,1,,,,,,,,,,,
209,1,RS,A,0,B,,,,1,,,2,,,,0,,,,,,0,,,,,,,,,,1,1,1,1,,0,,,,,,,1,1,,1,,,0,,,,,,1,1,,,,,0,,,,,,,0,,,1,1,,1,1,,,,2,0,1,1,,,1,,,,,,,,
210,1,MG,B,,D,1,,,1,,,1,,1,,1,1,,,,,0,,,,,,,,,,0,,,,,,,,,,,,0,,,,,,1,,1,,,,1,,,1,,,0,,,,,,,0,,,,,1,,,,,,2,4,2,,,,,1,,,,,,,
211,1,SP,B,,D,1,,1,1,,,1,1,,,1,1,1,,,,1,1,,,,,,,,,0,,,,,,,,,,,,1,1,,,,,1,,1,,,,1,1,,,,,0,,,,,,,0,,,1,1,1,1,1,,,1,1,0,2,1,,,,,,,,,,,
213,1,SP,B,,D,,,,1,,,1,1,,,1,1,,,,,1,1,,,,,,,,,0,,,,,,,,,,,,1,1,,,,,0,,,,,,1,1,,,1,,0,,,,,,,0,,,1,1,1,,1,,1,,2,0,3,1,,,,,,,,,,,
214,1,MG,B,,C,,,,1,,,2,,,,0,,,,,,1,,,,,,,,,1,0,,,,,,,,,,,,1,1,,,,,1,,1,,,,0,,,,,,0,,,,,,,0,,,1,1,1,1,1,,,,2,0,2,1,,,,,,,,,,,
215,1,SP,B,,C,,,,1,,1,0,,,,0,,,,,,0,,,,,,,,,,1,1,,,,0,,,,,,,1,1,,,,,0,,,,,,1,1,,,,,0,,,,,,,0,,1,1,1,1,,,,,,2,0,2,1,,,,,,,,,,,
218,1,RJ,B,,D,,,,1,,1,2,,,,0,,,,,,0,,,,,,,,,,0,,,,,,,,,,,,1,,,1,,,0,,,,,,0,,,,,,0,,,,,,,0,,,,,1,,,,,,3,1,0,,,1,,,,,,,,,
221,1,SC,B,,B,,,,1,,,2,,,,1,,1,,,,1,1,,,,,,,,,0,,,,,,,,,,,,1,1,,,,,1,,1,,,,0,,,,,,0,,,,,,,0,,,1,1,1,1,1,,,,2,0,2,1,,,,,,,,,,,
223,1,RS,B,,D,,,,1,,,0,,,,0,,,,,,1,1,,,,,,,,,0,,,,,,,,,,,,0,,,,,,1,,,,1,,1,1,,,1,,1,,,1,,,,0,,1,1,1,1,1,1,1,,,2,1,3,1,,,,,,,,,,,
226,1,SP,A,0,A,,,,1,,,0,,,,0,,,,,,0,,,,,,,,,,0,,,,,,,,,,,,1,,,,,1,0,,,,,,0,,,,,,0,,,,,,,0,,,,,1,,,,,,3,0,0,,,,,,,,,,1,,
230,1,GO,A,0,C,1,,,1,,,2,,,,0,,,,,,1,,,1,,,,,,,0,,,,,,,,,,,,1,1,,,,,1,1,1,,,,1,1,,1,,,0,,,,,,,0,,,1,1,1,1,1,,,,2,0,1,1,,,,,,,,,,,
231,1,SP,D,1,B,,,,1,,,0,,,,0,,,,,,0,,,,,,,,,,0,,,,,,,,,,,,1,1,,,,,1,,1,,,,1,1,,,,,0,,,,,,,0,,,1,,1,,,,,,2,0,2,1,,,,,,,,,,,
233,1,SP,B,,C,1,,1,1,,,0,,,,0,,,,,,1,1,,,,,,,,,0,,,,,,,,,,,,1,1,,,,,1,1,1,,,,1,1,,1,,,1,,1,,,,,0,,,1,1,1,1,1,,,,1,0,2,1,,1,,,1,,,,,1,
234,1,RS,B,,C,,1,,1,,,0,,,,0,,,,,,0,,,,,,,,,,0,,,,,,,,,,,,1,1,,,,,1,1,,,,,0,,,,,,0,,,,,,,0,,,1,,1,,1,1,,,2,0,1,1,,,,,,,,,,,
236,1,PE,E,1,D,,,,1,,,2,,,,0,,,,,,0,,,,,,,,,,0,,,,,,,,,,,,0,,,,,,1,1,,,,,1,1,,1,,,0,,,,,,,0,,,,,1,1,,,,,2,1,2,1,,1,,,,,,,,,
237,1,PI,B,,D,,1,,1,,,1,,1,,1,1,1,,,,1,1,,1,1,,,,1,,1,1,1,1,,1,,,1,,1,,1,1,,1,,,1,1,1,,,,1,1,,1,,,1,,1,1,1,,,0,,1,1,1,1,1,1,,1,,2,0,3,1,,,1,,1,,,,,,
238,1,RS,B,,B,,,,1,,,2,,,,0,,,,,,0,,,,,,,,,,1,,,1,,0,,,,,,,0,,,,,,0,,,,,,0,,,,,,0,,,,,,,0,,,,1,1,,1,,,,1,0,4,1,,,,1,,,,,,,
240,1,PR,B,,C,,,,1,,,0,,,,0,,,,,,0,,,,,,,,,,1,1,1,,,1,1,,1,,,,1,1,,,,,1,1,,,,,0,,,,,,0,,,,,,,0,,1,1,,1,,1,,1,,2,1,2,1,,1,,,,,,,,,
241,1,SP,B,,B,,,,1,,,1,,1,,1,1,,,,,1,,1,,,,,,,,0,,,,,,,,,,,,1,1,,,,,0,,,,,,1,1,,,,,0,,,,,,,0,,1,1,1,1,,1,,,,1,1,2,1,,,,,,,,,,,
246,1,MS,A,0,C,,,,1,,,0,,,,0,,,,,,0,,,,,,,,,,0,,,,,,,,,,,,1,1,,,,,0,,,,,,1,1,,,,,0,,,,,,,0,,,1,,1,,1,1,,,3,0,4,,,,,,,,,1,,,
247,1,SP,B,,B,,,,1,,,0,,,,0,,,,,,0,,,,,,,,,,0,,,,,,,,,,,,0,,,,,,0,,,,,,0,,,,,,0,,,,,,,0,,1,,,1,,1,,,,2,1,2,1,,,,1,,,,,,,
253,1,SP,A,0,C,,,,1,,,1,,,,0,,,,,,0,,,,,,,,,,0,,,,,,,,,,,,1,1,,1,,,0,,,,,,1,1,,,,,0,,,,,,,0,,,,,1,,1,,,,3,0,0,1,,,,,,,,,,,
257,1,PE,F,1,C,,,,1,,,1,,,,0,,,,,,1,1,,,,,,,,,0,,,,,,,,,,,,1,1,,,,,0,,,,,,0,,,,,,0,,,,,,,0,,,1,1,1,1,1,,,,3,0,1,1,,,,,,,,,,,
260,1,RJ,D,0,A,,,,1,,,2,,,,0,,,,,,0,,,,,,,,,,0,,,,,,,,,,,,0,,,,,,0,,,,,,0,,,,,,0,,,,,,,0,,,,,1,,1,,,,3,0,0,1,,,,,,,,,,,
261,1,SP,B,,D,,,,1,,1,1,1,1,,0,,,,,,1,,,,,,,,1,1,1,1,,,,1,,,1,,1,,1,1,,1,,,1,,1,,,1,0,,,,,,1,,1,1,,,,0,,,1,1,1,1,1,1,,,2,0,2,,,,,,1,,,,,,
262,1,SP,B,,A,,,,1,,,2,,,,0,,,,,,0,,,,,,,,,,0,,,,,,,,,,,,0,,,,,,0,,,,,,1,1,,,,,0,,,,,,,0,,1,1,1,1,,1,,,,3,0,2,,,1,,1,,,,,,,
263,1,SP,B,,B,,,,1,,,2,,,,1,1,1,,,,1,1,,,,,,,1,,0,,,,,,,,,,,,1,1,,,,,1,,1,,,,0,,,,,,0,,,,,,,0,,1,1,1,1,1,1,1,,,2,0,2,1,,,,,,,,,,,
264,1,PE,B,,A,,,,1,,,2,,,,0,,,,,,0,,,,,,,,,,1,1,,,,0,,,,,,,0,,,,,,0,,,,,,0,,,,,,0,,,,,,,0,,,1,,1,,1,,,,2,0,0,,,,,,,,,,,1,
267,1,RJ,A,0,D,,,,1,,1,1,,,1,0,,,,,,0,,,,,,,,,,1,1,,,,1,,,1,,,,1,1,,,,,1,,1,,,,1,1,,,,,1,,1,,,,,0,,,1,1,1,1,1,1,,1,2,0,2,1,,,,,1,,,,,,
268,1,RS,B,,D,,1,,1,,,1,1,,,0,,,,,,1,1,,,,,,,,,0,,,,,,,,,,,,1,,,1,,,0,,,,,,1,1,,,,,1,,,,,,1,0,,,1,1,1,1,1,,,,0,1,2,,,,,,,,,,,,1
271,1,SP,B,,D,,1,,1,,,1,1,,,0,,,,,,1,1,,,,,,,,,1,,1,,,0,,,,,,,1,1,1,1,,,1,1,1,,,,1,1,,,1,,0,,,,,,,0,,1,1,,1,,1,,1,,2,1,1,1,,1,,,,,1,,,,
272,1,MG,B,,C,,,,1,,,0,,,,0,,,,,,0,,,,,,,,,,0,,,,,,,,,,,,1,1,,,,,1,1,1,,,,1,1,,1,1,,0,,,,,,,0,,,1,1,1,1,1,1,,,2,0,3,1,,,,,,,,,,,
273,1,MG,A,0,D,,,,1,,,0,,,,0,,,,,,0,,,,,,,,,,1,,1,1,,0,,,,,,,1,,,1,,,0,,,,,,1,1,,,,,0,,,,,,,0,,,,1,1,1,1,,,,2,0,4,,,,,,,,,,,,1
274,1,MG,A,0,A,,,,1,,,2,,,,0,,,,,,0,,,,,,,,,,0,,,,,,,,,,,,1,1,1,1,,,0,,,,,,1,1,,,,,0,,,,,,,0,,,,,1,,1,,,,3,0,2,,,1,1,1,,,,,,,
277,1,SP,E,1,C,,,,1,,1,0,,,,0,,,,,,0,,,,,,,,,,0,,,,,,,,,,,,0,,,,,,0,,,,,,1,1,,,,,0,,,,,,,0,,,1,1,1,1,1,,,,1,1,3,1,,,1,,,,,,,1,
279,1,PR,A,0,D,,,,1,,,0,,,,0,,,,,,0,,,,,,,,,,0,,,,,,,,,,,,1,1,,,,,0,,,,,,1,1,,,,,0,,,,,,,0,,,1,1,1,,1,1,,,2,1,2,1,,,,,,,,,,,
280,1,SP,B,,C,,,,1,,,1,,1,,0,,,,,,0,,,,,,,,,,0,,,,,,,,,,,,1,1,,1,,,1,,1,,,,1,1,,,,,0,,,,,,,0,,1,,,1,,1,1,,,1,0,2,,,,,,,,,,,,1
282,1,MG,F,1,D,1,,1,1,,,1,1,,,1,,1,,,,1,1,,,,,,,,,1,,,1,,1,1,,1,,1,,1,1,,1,,,1,,1,,,,0,,,,,,0,,,,,,,0,,1,1,1,1,1,1,,,,2,0,2,1,,,,1,,,1,,,,
283,1,SP,E,1,C,,,,1,,,0,,,,0,,,,,,0,,,,,,,,,,0,,,,,,,,,,,,0,,,,,,0,,,,,,1,1,,,,1,0,,,,,,,0,,1,1,1,1,1,1,,,,2,0,2,1,,1,,,,,,,,1,
285,1,PB,B,,D,,,,1,,1,1,1,,,0,,,,,,1,1,,,,,,,,,0,,,,,,,,,,,,1,1,,,,,1,,1,,,,1,1,,1,,,0,,,,,,,0,,,1,1,1,1,1,,,,2,0,2,1,,,,,,,,,,,
287,1,SP,B,,D,1,1,,1,,,1,,,1,1,1,1,,,1,1,1,,,,,,,1,,1,1,,,,1,1,,1,,,,1,1,,1,,,1,,1,,,,1,1,,,,,0,,,,,,,0,,,1,,1,,1,,1,,2,0,3,1,,,,,1,,,,,,
288,1,RJ,B,,C,,,,1,,,2,,,,0,,,,,,1,1,,,,,,,,,0,,,,,,,,,,,,1,1,,,,,1,1,,,,,0,,,,,,0,,,,,,,0,,1,1,,1,,1,1,,,2,0,2,1,,,,,,,,,,,
289,1,SP,B,,C,1,,,1,,,1,,1,,0,,,,,,1,1,,,,,,,,,0,,,,,,,,,,,,1,1,,1,,,1,,1,,,,0,,,,,,1,,,,1,,,0,,,1,1,1,,1,,,,2,0,2,1,,,,,,,,,,1,
291,1,SP,A,0,B,,,,1,,,0,,,,0,,,,,,0,,,,,,,,,,1,1,1,1,,0,,,,,,,1,1,,,,,1,1,,,,,1,1,,,,,0,,,,,,,0,,1,1,1,1,1,1,,,,1,0,2,1,,,,,,,,,,,
293,1,RJ,E,1,C,,,,1,,,2,,,,0,,,,,,0,,,,,,,,,,0,,,,,,,,,,,,1,1,,1,,,1,,1,,,,1,,,1,,,0,,,,,,,0,,1,1,,1,,1,,,,2,0,2,1,,,,,,,,,,,
296,1,SP,B,,D,,,1,1,,,2,,,,1,,1,,,1,0,,,,,,,,,,0,,,,,,,,,,,,1,1,,,,,1,1,1,1,,,0,,,,,,1,,1,,1,1,,0,,,1,1,1,1,1,1,,,1,0,2,1,,,,,,,,,,,
299,1,RJ,B,,D,,,,1,,1,0,,,,0,,,,,,0,,,,,,,,,,0,,,,,,,,,,,,1,1,,,,,0,,,,,,0,,,,,,0,,,,,,,0,,,1,1,1,,1,1,,,2,1,4,1,,,,,,,,,,,
300,1,SP,B,,D,,,,1,,,2,,,,0,,,,,,0,,,,,,,,,,0,,,,,,,,,,,,0,,,,,,0,,,,,,0,,,,,,0,,,,,,,0,,,,,1,1,1,,,,2,0,1,1,,,,,,,,,,,
301,1,SP,E,1,D,,,,1,,,2,,,,0,,,,,,0,,,,,,,,,,0,,,,,,,,,,,,0,,,,,,0,,,,,,0,,,,,,0,,,,,,,0,,,,,1,,1,1,,,3,1,1,1,,,,,,,,,,,
304,1,SP,B,,D,,1,,1,,1,1,1,1,,1,1,1,,,,1,1,,,1,,,,,1,1,1,1,,,1,,,,,1,,1,1,,,,,1,,1,1,,,1,1,,,,,1,,1,,1,,,1,0,1,1,,1,1,1,1,,,2,0,4,1,,,,,,,,,,,
305,1,SP,B,,D,1,1,,1,,,1,1,,,1,1,1,,,,1,1,,,,,,1,1,,1,1,1,1,,1,,,1,,,,1,1,,,,,1,,1,1,,,1,1,,,1,,1,,1,,1,,,1,0,1,1,1,1,1,1,,1,,2,0,3,1,,,,,1,,,,,,
306,1,SP,F,0,C,,,,1,,,0,,,,0,,,,,,0,,,,,,,,,,0,,,,,,,,,,,,0,,,,,,0,,,,,,0,,,,,,0,,,,,,,0,,,1,1,1,1,1,,,,2,0,2,,,,,,,,,,,,1
309,1,MG,B,,D,1,,,1,,,2,,,,0,,,,,,0,,,,,,,,,,0,,,,,,,,,,,,0,,,,,,0,,,,,,1,1,,1,,,0,,,,,,,0,,1,1,1,1,1,1,,1,,2,0,4,1,,1,,,,,,,,1,
314,1,DF,B,,D,,,,1,,1,1,,,1,0,,,,,,1,,,1,,,,,1,1,1,1,,,,0,,,,,,,1,1,,1,,,1,,1,,,,1,1,,,,,1,,,,,,1,0,,,1,1,1,1,1,,1,,3,0,2,,1,,,,,,,,,,
317,1,MG,B,,D,,,,1,,,0,,,,0,,,,,,0,,,,,,,,,,0,,,,,,,,,,,,0,,,,,,0,,,,,,0,,,,,,0,,,,,,,0,,,,,1,,1,,,,3,1,2,,,1,,,,,,,,,
318,1,SP,B,,C,,,,1,,,0,,,,1,1,1,1,,,1,1,,,,,,,,,1,1,,,,1,1,,,,1,,1,1,,,,,1,1,1,,,,0,,,,,,1,,1,1,1,,,0,,1,1,1,1,1,1,,,,1,0,2,1,,,,,,,,,,,
320,1,SP,B,,D,,,,1,,,2,,,,0,,,,,,0,,,,,,,,,,1,1,,1,,0,,,,,,,1,,,,,,1,,1,,,,0,,,,,,0,,,,,,,0,,,1,1,1,,1,,,,0,1,2,1,,1,,,,,,,,,
323,1,RS,A,1,D,,,,1,,,1,1,,,1,1,,,,,1,1,,,,,,,,,1,1,,,,1,,,1,,,,1,1,,,,,0,,,,,,1,1,,,,,1,,,1,,,,1,0,1,,,1,,1,,1,,1,0,2,,,,,,,,,,,,1
326,1,SP,B,,B,,,,1,,,2,,,,0,,,,,,0,,,,,,,,,,1,1,,1,,0,,,,,,,0,,,,,,0,,,,,,0,,,,,,0,,,,,,,0,,,1,1,1,1,1,,,,3,1,2,1,,,,,,,,,,,
327,1,RJ,F,0,A,,,,,,,0,,,,0,,,,,,0,,,,,,,,,,0,,,,,,,,,,,,1,1,1,1,,,0,,,,,,0,,,,,,0,,,,,,,0,,,,,1,,1,,,,3,,0,,,,1,,,,,,,,
332,0,,B,,D,1,,,1,,,1,,1,,1,1,1,,,,1,1,,,,,,,,,1,,1,,,1,,,1,,,,1,1,,,,,1,1,1,,,,1,1,,1,,,1,,,,,1,,0,,1,1,1,1,,1,,,,2,1,4,1,,,,1,,,,,,,
337,1,SP,B,,A,,,,1,,,2,,,,0,,,,,,0,,,,,,,,,,0,,,,,,,,,,,,0,,,,,,0,,,,,,1,1,,,,,0,,,,,,,0,,,,,1,,1,,,,3,0,2,1,,,,,,,,,,,
340,1,BA,B,,B,,,,1,,,0,,,,1,1,,,,,0,,,,,,,,,,0,,,,,,,,,,,,1,,,1,,,1,1,,,,,1,1,,,,,0,,,,,,,0,,1,1,1,1,,1,,,,1,1,2,1,,1,1,1,,,,,,,
345,1,PR,B,,D,,,,1,,,1,1,,,0,,,,,,1,1,,,,,,,,,0,,,,,,,,,,,,1,1,,,,,1,,1,,,,1,1,,,,,1,,1,,,,,0,,1,1,1,1,1,1,1,,,1,0,2,,,,,,1,,,,,,
346,1,CE,B,,D,,,,1,,,2,,,,0,,,,,,0,,,,,,,,,,0,,,,,,,,,,,,0,,,,,,1,1,1,1,1,,1,,,1,1,,0,,,,,,,0,,1,1,1,1,1,1,,,,2,1,1,,,1,,,,,,,,,
348,1,BA,B,,D,,,,1,,,1,,1,,0,,,,,,1,1,,,,,,,,,1,,,1,,0,,,,,,,0,,,,,,0,,,,,,0,,,,,,0,,,,,,,0,,,,,1,,1,,,,2,1,2,,,,,1,,,,,,,
353,1,SP,A,0,B,1,,,1,1,,1,1,,,1,,,,,,1,,,,,,,,,,1,,,,,1,,,,,,,1,,,,,,1,,,,,,1,1,,,1,,1,,1,1,,,,1,5,1,1,1,1,1,1,1,1,,2,0,2,1,,,1,,,,,,,,
356,1,SP,B,,B,1,,,1,,,0,,,,0,,,,,,0,,,,,,,,,,0,,,,,,,,,,,,1,1,,,,,0,,,,,,0,,,,,,1,,1,,,,,0,,,,,1,,1,,1,,1,0,2,1,,,,,,,,,,,
360,1,AM,E,1,C,,,,1,,,2,,,,0,,,,,,0,,,,,,,,,,0,,,,,,,,,,,,1,,,1,,,1,1,1,,,,0,,,,,,0,,,,,,,0,,,1,,1,,1,1,,,2,0,1,1,,,,,,,,,,,
361,1,PR,B,,D,,1,,1,,,1,1,,,1,1,,,,,1,1,,,,,,,,,0,,,,,,,,,,,,1,1,,1,,,1,1,1,,,,1,1,,1,,,0,,,,,,,0,,1,1,1,1,1,1,,,,2,0,3,1,,1,,,,,,,,,
363,1,SP,E,1,D,,,,1,,,0,,,,0,,,,,,0,,,,,,,,,,0,,,,,,,,,,,,0,,,,,,0,,,,,,0,,,,,,0,,,,,,,0,,1,1,1,1,1,1,,,,2,0,2,,,,,,,,,,,,1
366,1,ES,A,1,B,,,,1,,,0,,,,0,,,,,,0,,,,,,,,,,1,1,1,1,,1,,,1,,,,1,1,,,,1,1,1,1,,,,0,,,,,,0,,,,,,,0,,,1,1,1,1,1,,,,2,0,2,,,,1,,,,,,,,
367,1,SP,D,1,A,,,,1,,,2,,,,0,,,,,,0,,,,,,,,,,0,,,,,,,,,,,,1,1,,,,,0,,,,,,1,,,,,1,0,,,,,,,0,,1,1,1,1,,1,1,,,1,0,2,,,,,,,,,,,1,
369,1,SP,B,,B,,,,1,,,1,1,,,1,1,,,,,1,1,,,,,,,,,1,,1,,,0,,,,,,,1,1,,,,,1,,1,,,,1,1,,,,,0,,,,,,,0,,1,1,,1,,1,,,,2,0,0,1,,,,,,,,,,,
371,1,RJ,B,,D,,,,1,,,2,,,,0,,,,,,1,,,,,,,,,1,1,,1,,,1,,,,,,1,0,,,,,,0,,,,,,1,1,,,,,0,,,,,,,0,,,,,1,1,1,,,,2,0,1,,,,,1,,,,,,,
372,1,TO,D,1,B,1,,,1,,,2,,,,0,,,,,,0,,,,,,,,,,0,,,,,,,,,,,,1,1,,,,,0,,,,,,1,1,,,,,0,,,,,,,0,,,,,1,,1,1,,,2,0,1,1,,,,,,,,,,,
373,1,RJ,E,1,C,1,,,1,,,0,,,,0,,,,,,0,,,,,,,,,,1,,,1,,0,,,,,,,1,,1,,,,1,1,1,,,,0,,,,,,0,,,,,,,0,,,1,1,1,,1,,,,3,0,2,1,,,,,,,,,,,
374,1,RJ,B,,B,,1,,1,,,2,,,,0,,,,,,0,,,,,,,,,,0,,,,,,,,,,,,1,1,,1,,,0,,,,,,1,1,1,1,1,,0,,,,,,,0,,1,1,1,1,,1,1,1,,3,0,1,1,1,,,,,,,,,,
375,1,SC,B,,C,,,,1,,,2,,,,1,,1,,,,1,1,,,,,,,,,0,,,,,,,,,,,,1,,,,,1,1,1,,,,,0,,,,,,0,,,,,,,0,,,1,1,1,1,1,,,,2,1,2,,,1,,,,,,1,,,
377,1,SP,F,0,D,,,,1,,,2,,,,0,,,,,,0,,,,,,,,,,0,,,,,,,,,,,,1,1,,,,,1,1,,,,,1,1,,,,,1,,,,,1,,1,5,1,1,1,1,1,1,1,,,3,0,2,1,,,,,,,,,,,
382,1,SP,B,,C,,,,1,,,0,,,,0,,,,,,0,,,,,,,,,,1,1,,,,0,,,,,,,1,1,,,,,0,,,,,,1,1,,,,,0,,,,,,,0,,1,1,1,1,,1,,,,1,0,0,1,,,,,,,,,,,
383,1,RN,A,0,D,,,,1,,1,1,,1,,0,,,,,,0,,,,,,,,,,0,,,,,,,,,,,,0,,,,,,1,,1,,,,1,1,,,,,0,,,,,,,0,,1,1,,1,,1,,,,3,0,2,1,,1,,,,,,,,,
385,1,RJ,D,1,D,,,,1,,,0,,,,0,,,,,,0,,,,,,,,,,0,,,,,,,,,,,,0,,,,,,0,,,,,,0,,,,,,0,,,,,,,0,,,,,,1,1,,,,2,1,2,,,,,1,,,,,,,
388,1,RJ,E,1,D,,,,1,,,0,,,,0,,,,,,1,1,,,,,,,,,0,,,,,,,,,,,,1,1,,,,,1,,1,,,,0,,,,,,0,,,,,,,0,,,1,1,1,1,1,,,,2,1,1,1,,1,,,,,,,,,1
391,1,SP,A,0,A,,,,1,,,0,,,,0,,,,,,0,,,,,,,,,,0,,,,,,,,,,,,0,,,,,,0,,,,,,1,1,,,,,0,,,,,,,0,,,1,,1,,1,,,,3,0,1,,,1,,,,,,,,,
394,1,MG,B,,D,,,,1,,,2,,,,0,,,,,,1,1,,,,,,,,,0,,,,,,,,,,,,1,1,,,,,1,,1,,,,1,1,,,,,0,,,,,,,0,,,,,1,,1,,,,3,0,2,1,,,,,,,,,,,
395,1,PB,B,,D,,1,,1,,,1,1,,,1,1,1,,,,1,1,,,,,,,,,1,1,,,,1,,,1,,,,1,1,,,,,1,1,1,,,,0,,,,,,1,,,,,,1,0,,1,1,1,1,,1,,,,2,0,2,1,1,,,,,,,,,,
396,1,PR,B,,D,,,,1,,,0,,,,0,,,,,,0,,,,,,,,,,1,,1,1,,0,,,,,,,1,1,,,,,0,,,,,,1,1,,,,,0,,,,,,,0,,,,,1,1,1,,,,2,0,2,,,,,1,,,,,,,
398,1,SP,B,,C,1,,,1,,,2,,,,0,,,,,,0,,,,,,,,,,1,1,,,,1,,1,1,,,,1,1,,,,,1,,1,,,,1,1,,,,,0,,,,,,,0,,,1,1,1,1,1,1,,,2,0,1,1,,,,,,,,,,,
399,1,TO,A,0,B,,,,1,,,2,,,,0,,,,,,0,,,,,,,,,,0,,,,,,,,,,,,0,,,,,,0,,,,,,1,1,,,,,0,,,,,,,0,,,,,1,,1,,,,3,0,0,,,,1,,,,,,,,
401,1,SC,B,,D,1,,,1,,,0,,,,1,1,1,,,,1,1,,,1,,,,,,1,,,1,,1,,,,,1,,1,1,1,,,,1,1,1,1,,,1,1,,1,1,,1,,,1,,,,0,,1,1,1,1,1,1,1,1,,2,0,2,1,,,,,,,,,,,
407,1,SP,B,,D,,,,1,,,0,,,,1,1,1,,,,1,1,,,,,,,,,0,,,,,,,,,,,,1,1,,,,,1,,1,,1,,1,1,,,1,,0,,,,,,,0,,1,1,1,1,,1,1,,,3,0,2,1,,,,,,,,,,,
409,1,SP,B,,C,,,,1,,,2,,,,0,,,,,,0,,,,,,,,,,0,,,,,,,,,,,,1,,,1,,,0,,,,,,1,1,,1,,,0,,,,,,,0,,1,1,1,1,,1,,,,2,0,3,1,,1,1,,,,,,,,
410,1,RN,B,,D,1,1,1,1,,,1,1,,,1,1,1,,,,1,1,,,1,,,,,,1,1,,1,,1,,,1,,1,,1,1,,,,,1,1,1,1,,,1,1,,1,1,,0,,,,,,,0,,1,1,1,1,1,1,1,,,2,0,2,1,,,,,1,,,,,,
413,1,SP,E,1,D,,,,1,,,0,,,,0,,,,,,0,,,,,,,,,,0,,,,,,,,,,,,0,,,,,,0,,,,,,0,,,,,,0,,,,,,,0,,,,,1,,1,,,,2,1,2,,,,,1,,,,,,,
414,1,SC,A,0,D,1,,,1,,,1,1,,,1,1,,,,,1,1,,,,,,,,,0,,,,,,,,,,,,1,1,,,,,1,1,1,,,,1,1,,,,,1,,,,,1,,0,,,1,1,1,1,1,,,,3,1,2,1,,,,,,,,1,,,
419,1,AL,B,,B,,,1,1,,,2,,,,1,1,,,,,1,1,,,,,,,,,0,,,,,,,,,,,,1,1,,,,,1,,1,,,,1,1,,,,,1,,1,,,,,0,,1,1,1,1,1,1,,,,2,0,2,1,,,,,,,,,,,1
424,1,SC,B,,D,,,,1,,,2,,,,0,,,,,,0,,,,,,,,,,0,,,,,,,,,,,,1,1,,,,,0,,,,,,1,1,,,,,0,,,,,,,0,,,1,,1,,1,,,,1,0,2,1,,,,,,,,,,,
428,1,SP,B,,C,,1,,1,,,1,1,,,1,1,1,,,,1,1,,,,,,,,,0,,,,,,,,,,,,1,1,,1,,,1,,1,,,,0,,,,,,1,,,,,,1,0,,,1,1,1,,1,1,,,2,0,2,1,,,,,,,,,,,
429,1,RJ,B,,C,,,,1,,,0,,,,0,,,,,,0,,,,,,,,,,0,,,,,,,,,,,,0,,,,,,1,1,,,,,1,,,,1,,0,,,,,,,0,,1,1,,1,,1,,1,,0,0,1,1,,,,1,,,,,,,
432,1,SP,B,,C,,,,1,,,0,,,,0,,,,,,0,,,,,,,,,,0,,,,,,,,,,,,1,1,,,,,0,,,,,,0,,,,,,1,,1,,,,,0,,1,1,1,1,,1,,,,2,0,4,1,,,,,1,,,,,,
433,1,ES,B,,D,1,1,1,1,,1,1,1,1,,1,1,1,,,,1,1,,,,,,1,1,,1,1,,,,1,1,,1,,1,,1,1,,,,,1,1,1,,,,1,1,,1,1,,0,,,,,,,0,,1,1,1,1,1,1,1,,,3,0,3,1,,,,,1,,,,,,
434,1,RJ,B,,B,,,,,,,0,,,,0,,,,,,0,,,,,,,,,,0,,,,,,,,,,,,0,,,,,,0,,,,,,1,,,,1,,0,,,,,,,0,,,,,1,,1,,,,0,0,1,1,,,,1,,,,,,,
436,1,BA,A,0,A,1,,,1,,,0,,,,0,,,,,,0,,,,,,,,,,1,1,,1,,1,,1,,,,,1,1,,1,,,1,1,,,,,1,1,,,,1,0,,,,,,,0,,1,1,1,1,1,1,,1,,1,0,2,,1,,,,,,,,,,
443,1,RJ,B,,C,1,1,1,1,,1,1,,1,,1,1,1,,1,,1,1,,,,,,,,1,0,,,,,,,,,,,,1,1,,,,,1,1,1,1,1,,1,,,1,,1,1,,,1,1,1,1,0,,1,1,1,1,1,1,,1,,3,0,2,1,,,,,,,,,,,
444,1,SC,B,,B,,,,1,,,0,,,,1,1,,,,,0,,,,,,,,,,0,,,,,,,,,,,,1,1,,1,,,1,,1,,,,1,1,,,,1,0,,,,,,,0,,,,1,1,1,1,1,1,,2,0,2,1,,,,,,,,,,,
446,1,SP,B,,D,,,,1,,,0,,,,0,,,,,,0,,,,,,,,,,0,,,,,,,,,,,,0,,,,,,1,1,,,,,0,,,,,,0,,,,,,,0,,,1,,1,,1,,,,2,1,2,1,,,,,,,,,,,
447,1,ES,E,1,D,,,,1,,,0,,,,0,,,,,,0,,,,,,,,,,1,,,1,,0,,,,,,,0,,,,,,0,,,,,,0,,,,,,0,,,,,,,0,,,,1,1,1,1,,,,2,0,1,,,1,,1,,,1,,,,
449,1,CE,B,,D,1,,,1,1,,1,,1,,1,1,1,,,,1,1,,,,,,,,,1,1,,,,1,,,1,,,,1,1,,,,,1,1,1,,,,1,1,,1,,,1,,1,,1,1,,0,,1,1,1,1,1,1,,,,2,0,2,1,,,,,,,,,,,
450,1,SP,A,0,C,,,,1,,,0,,,,0,,,,,,0,,,,,,,,,,0,,,,,,,,,,,,1,1,,,,,0,,,,,,1,1,,,1,,1,1,,,1,,,0,,,,,1,,1,1,,,3,0,2,1,,,,,1,,,,,,
451,1,SP,B,,C,1,,,1,,,1,1,,,0,,,,,,0,,,,,,,,,,0,,,,,,,,,,,,1,1,,,,,1,1,,,,,1,1,,,,,0,,,,,,,0,,,1,1,,,1,1,,,2,0,2,1,,,,,,,,,,,
453,1,SC,A,1,D,,1,,1,,,1,,1,,1,,1,,,,0,,,,,,,,,,0,,,,,,,,,,,,1,1,,,,,1,1,,,,,1,1,,,,,0,,,,,,,0,,1,1,1,1,1,1,,,,2,0,2,1,,,,,,,,,,,
454,1,SP,B,,C,,,,1,,,2,,,,0,,,,,,1,1,,,,,,,,,0,,,,,,,,,,,,1,1,1,1,,,1,,1,,,,1,,,,,1,0,,,,,,,0,,1,1,1,1,1,1,,,,2,1,2,1,,1,,,,,,,,,
458,1,AL,E,1,B,,,,1,,,2,,,,0,,,,,,0,,,,,,,,,,0,,,,,,,,,,,,1,1,,,,,0,,,,,,0,,,,,,0,,,,,,,0,,,,,1,,,,,,3,0,2,,,,,,,,,,,1,
464,1,AL,F,1,D,,1,,1,,,1,,1,,1,,1,,,,1,1,,,,,,,,,0,,,,,,,,,,,,1,1,,,,,1,1,,,,,0,,,,,,1,,1,,,,,0,,,1,1,1,1,,,,,3,0,1,,1,,,,,,,,,,
465,1,RJ,F,1,C,,,,1,,,0,,,,0,,,,,,1,,,,,,,,1,1,0,,,,,,,,,,,,1,1,,,,,1,,1,,,,1,,,,,1,0,,,,,,,0,,1,1,1,1,1,1,,,,3,1,2,1,,1,,,1,,,,,,1
470,1,MG,A,0,A,,,,1,,,0,,,,0,,,,,,0,,,,,,,,,,0,,,,,,,,,,,,0,,,,,,0,,,,,,1,1,,,,,0,,,,,,,0,,,,,1,,1,,,,2,0,2,1,,1,,,,,,,,,
471,1,RJ,B,,A,,,,,,,2,,,,0,,,,,,0,,,,,,,,,,0,,,,,,,,,,,,0,,,,,,0,,,,,,0,,,,,,0,,,,,,,0,,1,1,1,1,,1,,,,3,1,2,1,,,,,,,,,,,
473,1,PE,B,,B,,,,1,,,2,,,,0,,,,,,0,,,,,,,,,,1,1,,,,0,,,,,,,1,1,,,,,0,,,,,,1,1,,1,,,0,,,,,,,0,,,,,1,,1,,,,2,0,0,1,,,,1,,,,,,,
476,1,RJ,A,1,D,1,,,1,1,,1,1,,,1,1,1,,,,1,1,,,,,1,,,,1,1,,,,1,1,,1,,,,1,1,,,,,1,1,,,,,1,1,,,,,1,,1,,,1,,1,0,1,1,1,1,1,1,1,,,2,0,2,1,1,,1,,,,,,,,
478,1,PE,B,,A,,,,1,,,0,,,,1,1,,,,,0,,,,,,,,,,0,,,,,,,,,,,,1,1,,,,,1,1,1,,,,1,1,,1,,,0,,,,,,,0,,1,1,1,1,1,1,1,,,2,0,2,1,,,,,,,,,,,
481,1,SP,B,,D,,,,1,,,0,,,,0,,,,,,0,,,,,,,,,,0,,,,,,,,,,,,0,,,,,,1,1,1,,,,1,,,1,1,,0,,,,,,,0,,1,1,1,1,1,1,,,,2,0,2,1,,,,1,,,,,,,
482,1,RJ,A,0,D,,,,1,,,2,,,,0,,,,,,0,,,,,,,,,,0,,,,,,,,,,,,1,1,,,,,1,1,,,,,0,,,,,,0,,,,,,,0,,1,1,,1,,1,,,,1,0,1,,,,1,,,,,,,,
484,1,BA,B,,D,1,,,1,,1,1,1,,,1,1,,,,,1,1,,,,,,,,,1,1,1,1,,1,1,1,1,,,,1,1,,,,,1,1,1,,,,1,1,1,,,,1,,1,,1,1,,0,,1,1,1,1,1,1,1,,,2,0,2,1,,,,,1,,,,,,
485,1,PE,B,,D,,,,1,,,2,,,,0,,,,,,0,,,,,,,,,,1,,,1,,0,,,,,,,1,1,,,,,0,,,,,,1,1,,,,,0,,,,,,,0,,1,1,1,1,1,1,,,,2,1,2,1,,,,,,,,,,,
486,1,SP,E,1,B,1,,,1,,,1,,1,,0,,,,,,0,,,,,,,,,,0,,,,,,,,,,,,1,1,,,,,0,,,,,,1,1,,1,,,0,,,,,,,0,,,1,,1,1,1,1,,,2,0,2,1,,1,,1,,,,,,,
487,1,SP,B,,D,1,,,1,,,1,,1,,1,,1,,,,1,1,,1,,,,,,,0,,,,,,,,,,,,1,1,,1,,,1,1,,,,,1,1,,1,,1,0,,,,,,,0,,,1,1,1,1,1,1,,,2,0,2,1,,1,,,,,,1,,,1
489,0,,B,,D,,1,,1,,,1,1,,,1,1,1,,,,1,1,,,,,,,,,0,,,,,,,,,,,,1,1,,1,,,1,,1,,,,1,1,,1,1,,1,,1,1,,,,0,,1,1,1,1,1,1,1,,,2,0,2,1,1,,,,,,,,,,
491,1,SP,B,,A,,,,1,,,0,,,,0,,,,,,0,,,,,,,,,,0,,,,,,,,,,,,0,,,,,,1,1,,,,,0,,,,,,0,,,,,,,0,,,1,1,1,,1,,,,2,1,2,1,,,,,,,,,,,
492,1,SP,B,,C,1,,,1,,,0,,,,1,1,1,,,,1,1,,,,,,,,,0,,,,,,,,,,,,1,1,,,,,1,1,1,,,,1,1,,1,,,1,,1,,,,,0,,,1,1,1,,1,,,,2,0,2,1,,,,,,,1,,,,
495,1,RS,B,,D,1,,,1,,,0,,,,1,1,1,,,,1,1,,,,,,,,,0,,,,,,,,,,,,1,1,,,,,1,1,1,1,,,0,,,,,,1,,,,1,,1,1,0,,1,1,1,1,1,,,,3,0,2,1,,1,,,,,,,,,
496,1,SC,B,,D,1,,,1,,,1,1,,,1,,1,,,,1,1,,,,,,,1,,0,,,,,,,,,,,,1,1,,,,,1,,1,,,,0,,,,,,0,,,,,,,0,,,1,1,1,1,1,1,,,2,0,2,1,,,,,1,,,,,,
499,1,SP,B,,D,,,,1,,,0,,,,0,,,,,,0,,,,,,,,,,1,,,1,,0,,,,,,,0,,,,,,0,,,,,,0,,,,,,0,,,,,,,0,,,1,1,1,1,1,,,,2,1,1,1,,,,1,,,,,,,
502,1,SP,B,,D,,,,1,,,0,,,,0,,,,,,0,,,,,,,,,,0,,,,,,,,,,,,0,,,,,,0,,,,,,1,1,,1,,,0,,,,,,,0,,,,,1,1,1,,,,2,0,3,1,,,,,,,,,,,
503,1,SP,B,,C,1,,,1,,,2,,,,0,,,,,,1,1,,,,,,1,1,,1,,,1,,0,,,,,,,1,1,,,,,1,1,1,1,,,1,1,,1,,,1,,1,,,,,1,0,,1,1,1,1,1,1,,,1,0,2,1,,,,,,,,,,,
504,1,SP,B,,B,,,,1,,,0,,,,0,,,,,,0,,,,,,,,,,1,,,1,,0,,,,,,,1,,,,,1,1,1,1,,,,0,,,,,,0,,,,,,,0,,,1,1,1,1,1,,,,2,0,3,1,,,,,,,,,,,
505,1,SC,A,0,D,1,,,,,,1,,1,,1,1,1,,,,1,1,,,,,,,1,,0,,,,,,,,,,,,1,1,,1,,,0,,,,,,1,1,,,,,0,,,,,,,0,,,1,1,1,1,1,,,,3,0,2,1,,1,,,,,,,,,
506,1,SP,E,1,B,,,,1,,,2,,,,0,,,,,,0,,,,,,,,,,0,,,,,,,,,,,,1,1,,,,,0,,,,,,0,,,,,,0,,,,,,,0,,,,1,1,,1,,,,1,1,2,,,,,1,,,,,,,
508,1,SP,B,,D,1,,,1,,,1,1,1,,1,1,1,,,,1,1,,,,,,1,,,0,,,,,,,,,,,,1,1,,1,,,1,1,1,,,,1,1,,1,1,,1,,1,,,,,0,,1,1,1,1,1,1,1,,,2,0,2,1,,,,,,,,,,,
510,1,ES,B,,D,,,,1,,,0,,,,0,,,,,,0,,,,,,,,,,0,,,,,,,,,,,,0,,,,,,0,,,,,,0,,,,,,0,,,,,,,0,,,,,1,,1,,,,2,1,2,1,,,,,,,,,,,
512,1,SP,B,,D,1,1,,1,,,0,,,,1,,1,,,,1,1,,,,,,1,,,1,1,1,1,,1,,,1,,,,1,1,,,,,1,1,1,,,,1,1,,1,1,,1,,,,,1,,0,,,1,1,1,1,1,,1,,2,0,3,1,,,,,1,,,,,,
513,1,SP,B,,D,,,,1,,,0,,,,1,1,,,,,1,1,,,,,,,,,0,,,,,,,,,,,,1,1,,,,,1,,1,,,,1,1,,,1,,0,,,,,,,0,,,1,1,1,1,1,,,,2,1,2,1,,,,,,,,,,,
515,1,SC,E,1,D,,,,1,,,2,,,,0,,,,,,0,,,,,,,,,,0,,,,,,,,,,,,0,,,,,,1,1,,,,,1,1,,1,1,,0,,,,,,,0,,,1,1,1,1,1,,,,2,0,2,1,,,,,,,,,,,
516,1,PE,B,,D,,,,1,,,0,,,,0,,,,,,0,,,,,,,,,,0,,,,,,,,,,,,0,,,,,,0,,,,,,0,,,,,,0,,,,,,,0,,,,,1,,1,,,,2,1,0,1,,,,1,,,,,,,
517,1,SP,B,,C,,,,1,,,2,,,,0,,,,,,1,,,,,,,,,1,1,,1,,,0,,,,,,,0,,,,,,0,,,,,,1,1,,,,,0,,,,,,,0,,,,,1,1,1,,,,1,1,2,1,,,,,,,,,,,
531,1,SP,E,1,D,,1,,1,,,1,1,,,0,,,,,,0,,,,,,,,,,1,1,1,1,,0,,,,,,,1,1,,,,,1,1,1,,,,0,,,,,,0,,,,,,,0,,1,1,1,1,1,1,,,,2,0,2,1,,,,,,,,,,,
535,1,SP,E,1,D,,,,1,,,0,,,,0,,,,,,0,,,,,,,,,,0,,,,,,,,,,,,0,,,,,,0,,,,,,1,1,,,,,0,,,,,,,0,,,,,1,1,1,,,,3,1,3,,,,,,,,,,,,1
538,1,SP,B,,B,,,,1,,,2,,,,0,,,,,,0,,,,,,,,,,0,,,,,,,,,,,,1,1,,,,,0,,,,,,1,1,,1,,,0,,,,,,,0,,,,,1,,1,,,,2,0,4,1,,1,,,,,,,,,
540,1,SP,E,1,C,,,,1,,,0,,,,0,,,,,,1,,,,,,,,,1,0,,,,,,,,,,,,0,,,,,,0,,,,,,0,,,,,,0,,,,,,,0,,1,1,1,1,1,1,,,,1,0,2,1,,,,1,,,,,,,
541,1,SP,B,,C,,,,1,,,0,,,,0,,,,,,0,,,,,,,,,,0,,,,,,,,,,,,0,,,,,,0,,,,,,0,,,,,,0,,,,,,,0,,,,1,1,,1,,,,1,1,4,1,,,,,,,,,,,
546,1,SP,B,,C,,,,1,,,0,,,,0,,,,,,0,,,,,,,,,,0,,,,,,,,,,,,0,,,,,,1,,1,,,,0,,,,,,0,,,,,,,0,,1,1,1,1,1,1,,,,2,0,4,1,,,,,,,,,,,
548,1,SP,B,,C,,,,1,,,2,,,,0,,,,,,0,,,,,,,,,,0,,,,,,,,,,,,0,,,,,,0,,,,,,1,1,,1,,,0,,,,,,,0,,,,,1,,1,,,,1,0,2,1,,,,1,,,,,,,
550,1,DF,B,,C,,,,1,,,0,,,,0,,,,,,0,,,,,,,,,,0,,,,,,,,,,,,1,1,,,,,1,1,1,,,,1,1,,,,,0,,,,,,,0,,,,,1,,1,1,,,3,0,2,1,,,,,,,,,,,
552,0,,B,,D,,,,1,,,0,,,,1,1,,,,,0,,,,,,,,,,0,,,,,,,,,,,,1,1,,,,,1,1,1,,,,1,1,,1,1,,0,,,,,,,0,,1,1,,1,,1,,,,2,0,2,1,,,,,,,,,,1,
557,1,MG,B,,D,,,,1,,,0,,,,0,,,,,,0,,,,,,,,,,0,,,,,,,,,,,,1,1,,1,,,0,,,,,,1,1,,1,,,1,,,,,1,,0,,,1,1,1,,1,,,1,3,0,2,1,,,,1,,,,,,,
560,1,GO,B,,D,1,,,1,,1,2,,,,1,1,1,,,,1,1,,,,,,,,,0,,,,,,,,,,,,1,1,,1,,,1,1,,,,,1,1,,,,1,1,,1,,,1,,0,,,1,1,1,1,1,1,,,2,0,2,1,,,,,,,,,,,
570,1,RS,B,,D,,,,1,,,1,1,,,1,1,1,,,,1,1,,,,,,,,,0,,,,,,,,,,,,1,1,,1,,,1,1,1,,,,1,1,,,,,0,,,,,,,0,,,1,1,1,1,1,1,1,,2,1,4,1,,,,,,,,,,,
576,1,SP,B,,D,,1,,1,,,1,1,1,1,1,1,1,,,,1,1,,,,,,,,,1,1,,1,,1,1,,1,,1,,1,1,,,,,1,,1,,,,1,1,,1,1,,1,,1,,1,,1,0,,1,1,1,1,1,1,1,1,,1,0,2,1,,,,,,,,,,,
581,1,PE,B,,D,,,,1,,,1,,,1,0,,,,,,0,,,,,,,,,,0,,,,,,,,,,,,1,1,,,,,1,1,1,,1,,1,1,,,,,0,,,,,,,0,,,1,1,1,,1,,,,2,0,2,1,,,,,,,1,,,,
585,1,MS,B,,D,,,,1,,,2,,,,0,,,,,,0,,,,,,,,,,0,,,,,,,,,,,,0,,,,,,1,,1,,,,1,1,,1,,,0,,,,,,,0,,1,1,,1,,1,,,,2,0,1,1,,,,,,,,,,,
587,1,RJ,A,0,D,,,,1,,,0,,,,1,,1,,,,1,1,,,,,,,,,0,,,,,,,,,,,,1,1,,,,,0,,,,,,1,1,,,1,,1,,1,,,,,0,,,1,1,1,1,1,1,,,2,0,1,1,,,1,,,,,,,,
588,1,RJ,F,0,A,,,,1,,,0,,,,1,,1,,,,1,1,,,,,,,,,0,,,,,,,,,,,,1,1,,,,,0,,,,,,1,1,,,,,0,,,,,,,0,,1,1,1,1,1,1,1,,,2,0,2,1,,,,,,,,,,,
591,1,RJ,A,0,A,,,,1,,,0,,,,0,,,,,,0,,,,,,,,,,0,,,,,,,,,,,,1,1,,,,,0,,,,,,0,,,,,,0,,,,,,,0,,1,1,1,1,1,1,,1,,2,0,1,,,,1,,,,,,,,
595,1,BA,E,1,D,,,,1,,,2,,,,0,,,,,,0,,,,,,,,,,0,,,,,,,,,,,,1,,,,,1,0,,,,,,0,,,,,,0,,,,,,,0,,,1,1,1,1,1,,,,2,0,3,,,,1,,,,,,,,
596,1,PR,B,,D,,,,1,,,0,,,,0,,,,,,0,,,,,,,,,,0,,,,,,,,,,,,1,1,,1,,,1,,1,,,,1,1,,,,,0,,,,,,,0,,,1,,1,,1,,,,1,0,2,1,,,,,,,,,,,
597,1,SP,B,,D,,,,1,,,2,,,,0,,,,,,0,,,,,,,,,,0,,,,,,,,,,,,1,1,,,,,1,,1,1,,,1,1,,,,,0,,,,,,,0,,,,,,,1,,,,3,0,2,1,,,,,,,,,,,
600,1,RS,A,0,D,,,,1,,1,1,1,,,1,,1,,,,1,1,,,,,,,,,1,1,,,,1,1,,,1,,,1,1,,,,,1,1,,,,,1,1,,,,,0,,,,,,,0,,1,1,1,1,,1,,,,2,1,2,,,,,,,,,,1,,
602,1,SP,B,,D,,,,1,,,0,,,,0,,,,,,0,,,,,,,,,,0,,,,,,,,,,,,1,1,,,,,0,,,,,,0,,,,,,0,,,,,,,0,,,,,1,1,1,,,,3,1,2,,,,,,,,,1,,,
604,1,RS,B,,D,1,1,,1,,1,0,,,,1,1,1,,,,1,1,,1,,,,,,,0,,,,,,,,,,,,1,1,,,,,1,1,,,,,1,1,,,,,1,,,,,1,,0,,,1,1,1,1,1,,,,1,1,2,,,,,,,,,,1,,
605,1,CE,B,,C,,,,1,,,0,,,,0,,,,,,0,,,,,,,,,,1,,,1,,0,,,,,,,1,1,,,,,0,,,,,,0,,,,,,0,,,,,,,0,,,,,1,,1,1,,,1,0,2,1,,,,,,,,,,,
606,1,RJ,B,,D,1,1,,1,,,1,1,,,1,1,,,,,1,1,,,,,,1,,,1,1,1,,,1,,1,1,,,,1,1,,,,,1,,1,,,,1,1,,1,,,1,,,1,,,,1,0,,1,1,1,1,1,,1,,2,0,2,1,,,,,,,1,,,,
607,1,MG,B,,D,,1,,1,,,2,,,,1,1,1,,,,1,1,,,,,,,,,0,,,,,,,,,,,,1,1,,1,,,1,1,1,,,,1,1,,1,1,,1,,1,,,,,0,,1,1,1,1,1,1,,1,,2,0,3,1,,,,,,,,,,,
617,1,DF,B,,D,,,,1,,,0,,,,0,,,,,,0,,,,,,,,,,1,,,1,,1,,,1,,,,1,1,,,,,1,,1,,,,1,1,,,,,0,,,,,,,0,,,,,1,,1,,,,2,0,2,1,,,,,,,,,,,
618,1,MG,B,,C,,,,1,,1,0,,,,0,,,,,,0,,,,,,,,,,0,,,,,,,,,,,,0,,,,,,0,,,,,,1,1,,,,,0,,,,,,,0,,1,1,1,1,,1,,,,2,1,2,1,,,,,,,,,,,
619,1,RS,B,,D,,1,,1,,,1,1,1,,1,,,,,1,1,1,,,,1,,1,,,1,,1,,,1,,,1,1,1,,1,1,,,,,1,,1,1,,,0,,,,,,1,,1,1,,,,1,0,,1,1,1,1,1,,,,2,0,2,1,,,,,,,,,,,
621,1,RS,B,,D,,,,1,,,0,,,,0,,,,,,0,,,,,,,,,,0,,,,,,,,,,,,0,,,,,,0,,,,,,1,1,,,,,0,,,,,,,0,,,,,1,1,1,,,,2,1,0,1,,,,,,,,,,,
622,1,RS,D,1,C,,,,1,,,0,,,,1,1,1,,,,1,1,,1,1,,,1,,,1,1,,,,1,,,1,,,,1,1,,,,,1,1,1,,,,1,1,,1,,,1,,,1,,,,0,,,1,,1,1,1,,,,2,0,2,1,,,,,,,,,,,
624,1,SP,B,,D,1,,,1,,,1,1,,,1,1,,,,,1,1,,,,,,,1,,0,,,,,,,,,,,,1,1,,,,,1,1,,1,,,0,,,,,,1,,,1,,1,,0,,1,1,1,1,1,1,,,,2,0,3,1,,,,,,,,,1,,
625,1,RJ,B,,D,,,,1,,,0,,,,1,,1,,,,1,1,,,,,,,1,,1,1,,,,1,1,,,,,,1,1,,,,,1,,1,,,,1,1,1,,,,1,,,,,1,,0,,,1,1,1,1,1,,1,,2,1,4,1,,,,,,1,,,,,
628,1,RS,B,,D,,1,1,1,,1,1,1,1,,1,1,1,,,,1,1,,,,,,,,1,1,1,,,,1,1,,,,1,,1,1,,1,,,1,1,1,1,,,1,1,,1,1,,1,,1,,1,,,0,,,1,1,1,1,1,1,,,2,0,3,1,,,,,,,,,,,
630,1,RJ,B,,D,1,,,1,,,0,,,,1,,1,,,,1,1,,,,,,,,,0,,,,,,,,,,,,1,1,1,,,,1,,1,,,,0,,,,,,0,,,,,,,0,,1,1,1,1,1,1,1,1,,2,1,4,1,,,,,1,,,,,,
631,1,RS,B,,D,1,,,1,,,0,,,,0,,,,,,0,,,,,,,,,,0,,,,,,,,,,,,1,1,,1,,,0,,,,,,0,,,,,,1,,1,,,1,,0,,,,,1,,1,,,,3,0,2,,,,,,,,,,1,,
633,1,RJ,B,,D,,1,,1,,,2,,,,0,,,,,,0,,,,,,,,,,0,,,,,,,,,,,,1,1,,1,,,1,,1,,,,0,,,,,,1,,1,,,,,0,,,1,1,1,1,1,,,,1,0,2,1,,1,,,,,,,,,
635,1,SP,D,1,D,,,,1,,,0,,,,1,,1,,,,1,,,,,,,,,1,0,,,,,,,,,,,,0,,,,,,0,,,,,,1,1,,1,,,0,,,,,,,0,,,1,1,1,,1,,,,2,1,2,1,,,,,,,,,,,
636,1,MG,B,,D,1,,,1,,,1,,,1,1,,1,,,1,1,,,1,,1,,1,1,,1,1,,,,0,,,,,,,1,1,,,,,1,,1,,,,1,1,,,,,1,,1,,,,1,1,0,,1,1,1,1,1,1,,,3,0,1,1,,,,,1,,,,,,
638,1,SP,A,1,D,,,1,1,,,1,1,,,1,1,1,,,,1,1,,,1,,,1,1,,1,1,1,,,1,1,,1,,1,,1,1,1,1,,,1,1,1,1,,,1,1,,1,1,,1,,1,1,1,,,0,,1,1,1,1,1,1,1,1,,1,0,2,1,1,,,,1,,,,,,
639,1,MG,B,,B,,,,1,,,0,,,,0,,,,,,0,,,,,,,,,,0,,,,,,,,,,,,0,,,,,,0,,,,,,1,1,,,,,0,,,,,,,0,,1,1,,1,,1,,,,3,0,2,1,,,1,1,,,,,,,
640,1,RJ,B,,D,,,,1,,1,0,,,,0,,,,,,1,1,,1,,,,,,,0,,,,,,,,,,,,1,1,,1,,1,1,1,1,,,,1,1,,1,,,1,,1,1,,,,0,,1,1,1,1,1,1,,,,1,0,2,1,,1,1,,,,,,,,
641,1,RS,B,,D,,,,,,1,1,,,1,1,,1,,,,1,1,,,,,,,,,1,1,1,,,1,1,,,,,,1,1,,,,,0,,,,,,0,,,,,,0,,,,,,,0,,1,1,1,1,1,1,,1,,2,1,2,1,,,,,,,,,,,
647,1,CE,D,0,D,,,,1,,,0,,,,0,,,,,,0,,,,,,,,,,0,,,,,,,,,,,,1,,,1,,,0,,,,,,1,1,,,,,0,,,,,,,0,,,,,1,,1,,,,2,0,2,,,1,,,,,,,,,
648,1,SP,A,0,A,,,,1,,,2,,,,0,,,,,,0,,,,,,,,,,0,,,,,,,,,,,,0,,,,,,0,,,,,,0,,,,,,0,,,,,,,0,,1,,,1,,1,,,,3,0,0,,,1,,,,,,,,,
651,1,RJ,A,0,D,,,,1,,,0,,,,0,,,,,,0,,,,,,,,,,0,,,,,,,,,,,,1,1,,1,,,0,,,,,,1,1,,,,,0,,,,,,,0,,,,,1,,1,,,,3,0,2,,,,,,,,,1,,,
655,1,PE,B,,C,,,,1,,,0,,,,0,,,,,,0,,,,,,,,,,0,,,,,,,,,,,,0,,,,,,1,1,,,,,1,1,,,,,0,,,,,,,0,,,,,1,,1,,,,2,0,1,1,,,,,,,,,,,
657,1,PR,B,,C,,,,1,,,2,,,,1,1,1,,,,1,1,,,,,,,,,0,,,,,,,,,,,,1,1,,1,,,1,,1,,,,0,,,,,,0,,,,,,,0,,1,1,1,1,1,1,,,,2,0,1,1,,,,,,,,,,,
659,1,SP,B,,C,,1,,1,,,1,,1,,1,1,1,,,,1,1,,,,,,,,,1,1,,1,,1,,,,,1,,1,1,,,,,1,,1,,,,1,1,,,1,,1,,,,1,,,0,,1,1,1,1,1,1,,,,2,0,2,1,,,,,,,,,,,
660,1,RS,E,1,D,,,,1,1,,0,,,,0,,,,,,1,1,,,,,,,,,0,,,,,,,,,,,,1,1,,1,,,1,,1,,,,0,,,,,,0,,,,,,,0,,,1,1,1,1,1,,,,2,0,3,1,,,,,,,,,,,
663,1,CE,B,,D,,,,1,,,0,,,,0,,,,,,0,,,,,,,,,,0,,,,,,,,,,,,1,,,1,,,0,,,,,,1,1,,,1,,0,,,,,,,0,,,,,1,,1,,,,2,0,0,1,,,,,,,,,,,
665,1,RJ,A,1,B,,,,1,,,0,,,,1,,,,,1,0,,,,,,,,,,0,,,,,,,,,,,,1,,,1,,,0,,,,,,1,1,,,,,0,,,,,,,0,,1,1,1,1,1,1,,,,2,0,0,1,,,,,,,,,1,,
666,1,RS,B,,D,,1,,1,,,0,,,,1,1,,,,,1,1,,,,,,,,,0,,,,,,,,,,,,1,1,,,,,1,1,,,,,1,1,,,1,,1,,,,,1,,0,,,1,1,1,1,1,,,,1,0,2,1,,,,,1,,,,,,
668,1,SP,B,,D,,,,1,,,0,,,,0,,,,,,0,,,,,,,,,,0,,,,,,,,,,,,1,,,1,,,1,1,,,,,0,,,,,,0,,,,,,,0,,1,1,1,1,1,1,,,,2,0,2,1,,,,,,,,,,,
669,1,SP,B,,D,,,,1,,,0,,,,0,,,,,,0,,,,,,,,,,1,1,,,,1,1,,,,,,1,1,,1,,,0,,,,,,0,,,,,,0,,,,,,,0,,,,,1,,1,,,,3,0,2,1,,,,,,,,,,,
696,1,PA,B,,D,,,,1,,,1,,1,,1,1,,1,,,1,1,,,,,,,,,1,,1,1,,1,,1,,1,,,1,1,,,,,1,1,,,,,1,,,,1,,1,,1,1,,,,1,0,1,1,1,1,1,1,1,,,2,0,2,1,,,,1,,,,,,,
702,1,SP,B,,C,1,1,,1,,,1,1,,,1,1,1,,,,1,1,,,,,,,,,0,,,,,,,,,,,,1,1,,,,,1,,1,,,,1,1,,1,,1,1,,,,,,,0,,,1,1,1,1,1,1,,,3,0,3,1,,,,,,,,1,,,
704,1,PR,B,,B,1,,,,,,2,,,,1,,1,,,,1,1,,,,,,,,,0,,,,,,,,,,,,1,1,,,,,0,,,,,,1,1,,,,,0,,,,,,,0,,,,,1,,1,1,,,3,0,1,1,,,,,,,,,,,
708,1,SP,B,,D,,,,1,,,0,,,,0,,,,,,0,,,,,,,,,,1,1,,,,0,,,,,,,1,,,1,,,1,1,,,,,0,,,,,,0,,,,,,,0,,,1,1,1,1,1,,,,2,1,2,1,,1,1,1,,,,,,,
709,1,RJ,B,,A,,,,1,,,0,,,,0,,,,,,0,,,,,,,,,,0,,,,,,,,,,,,1,1,,,,,0,,,,,,0,,,,,,0,,,,,,,0,,1,,,1,,1,,,,3,1,0,1,,,,,,,,,,,
713,1,MG,B,,D,1,,,1,,,0,,,,1,1,1,,,,1,1,,,,,,,,,1,,1,,,1,,1,,,,,1,,,1,,,1,1,,,,,1,1,,,,,0,,,,,,,0,,,1,,1,,1,,,,1,0,1,1,,,,,,,,,,,
718,1,SP,D,0,D,1,,,1,,,0,,,,1,,,,1,,1,1,,,,,,,,,0,,,,,,,,,,,,1,1,,,,,0,,,,,,1,,,,,,0,,,,,,,0,,1,1,1,1,1,1,1,,,2,0,2,1,,,,,,,,,,,
724,1,RS,A,0,D,,,,1,,,0,,,,0,,,,,,0,,,,,,,,,,0,,,,,,,,,,,,0,,,,,,0,,,,,,1,,,,,1,0,,,,,,,0,,,1,1,1,,1,,,,1,0,1,,,,1,1,,,,,,,
728,1,RJ,B,,D,1,,,1,,,0,,,,1,1,1,,,,1,1,,,,,,,,,0,,,,,,,,,,,,1,1,,,,,1,1,,,,,1,1,,,,,0,,,,,,,0,,1,1,1,1,1,1,1,,,2,1,3,1,,,,,,,,,,,
730,1,DF,B,,D,,,,1,,,1,,,,0,,,,,,1,1,,,,,,1,1,,0,,,,,,,,,,,,1,1,,,,,1,,1,,,,0,,,,,,0,,,,,,,1,0,1,1,1,1,1,1,1,1,,3,0,3,1,,,,,,,,,,,
735,1,RJ,B,,C,,,,1,,,0,,,,0,,,,,,0,,,,,,,,,,0,,,,,,,,,,,,0,,,,,,0,,,,,,0,,,,,,0,,,,,,,0,,1,1,1,1,,,,,,0,0,1,1,,,,,,,,,,,
736,1,RS,A,0,C,,,,1,,,2,,,,0,,,,,,0,,,,,,,,,,0,,,,,,,,,,,,1,,,1,,,0,,,,,,1,1,,,,,0,,,,,,,0,,,,,1,,,,,,2,0,2,,,,,,,,,1,,,
737,1,SE,B,,B,,,,1,,,0,,,,0,,,,,,0,,,,,,,,,,0,,,,,,,,,,,,1,1,,,,,0,,,,,,1,,,,,1,0,,,,,,,0,,,1,1,1,1,,,,,1,0,1,1,,,,,,,,,,,1
741,1,GO,F,1,D,,,,1,,,2,,,,0,,,,,,0,,,,,,,,,,0,,,,,,,,,,,,0,,,,,,0,,,,,,0,,,,,,0,,,,,,,0,,,1,1,1,,,1,,,2,0,1,,,1,,,,,,,,,
742,1,SP,E,1,C,,,,1,,,1,,,,0,,,,,,1,1,,,,,,,,,0,,,,,,,,,,,,1,1,,,,,1,,1,,,,1,1,,,,,0,,,,,,,0,,,1,1,1,,1,,,,2,0,3,1,,,,,,,,,,,
745,1,BA,A,1,C,,1,,1,1,1,0,,,,0,,,,,,0,,,,,,,,,,0,,,,,,,,,,,,1,1,,,,,1,,1,,,,1,1,,1,,,1,,1,,,,,1,0,,,,1,1,1,,,,3,0,2,1,,,,,,,,,,,
746,1,SE,A,1,D,,,,1,,,0,,,,0,,,,,,1,1,,,,,,,,,0,,,,,,,,,,,,0,,,,,,1,,1,,,,0,,,,,,0,,,,,,,0,,,1,1,1,1,1,,,,2,0,1,1,,,,,,,,,,,1
750,0,,A,0,D,,1,,1,,,0,,,,1,,,,,1,1,1,,,,,,,,,1,1,,,,1,1,,,,,,1,1,,,,,0,,,,,,1,1,,,,,0,,,,,,,0,,,1,1,1,1,1,,,,3,1,2,1,,1,,,,,,,,,
752,1,RJ,B,,C,,1,,1,,,1,1,1,,0,,,,,,1,,,,,,,1,,,1,1,1,1,,1,1,,1,1,1,,1,1,,,,,1,,1,,,,1,1,,,,,1,,1,,,,,1,0,1,1,1,1,1,1,1,1,,2,0,2,1,,,,,1,,,,,,
753,1,MG,B,,D,1,,,1,,,1,,1,,1,1,1,,,,1,1,,,,,,,1,,0,,,,,,,,,,,,1,1,,,,,1,,1,,,,0,,,,,,1,,1,,1,,,0,,1,1,1,1,1,1,1,,,3,0,3,1,,,,,1,,,,,,
754,1,GO,B,,C,,1,,1,,,0,,,,1,1,1,,,,1,1,,,,,,,,,0,,,,,,,,,,,,1,1,,,,,1,,1,,,,1,1,,,,,1,,,,,1,,0,,1,1,1,1,1,1,,,,2,0,0,1,,,,,,,,,,,
758,1,PR,D,1,D,,,,1,,,0,,,,1,1,1,,,,1,1,,,,,,,,,0,,,,,,,,,,,,1,1,,,,,1,1,,,,,0,,,,,,0,,,,,,,0,,1,1,1,1,1,1,,,,1,0,3,1,,,,,,,,,,,
761,1,RJ,B,,C,,,,1,,,0,,,,0,,,,,,0,,,,,,,,,,0,,,,,,,,,,,,1,,,,,1,0,,,,,,1,,,,,1,0,,,,,,,0,,,,,1,,1,,,,2,0,1,,,,1,,,,,,,,
762,1,GO,B,,C,1,,,,,1,1,1,1,,0,,,,,,1,1,,,,,,,,,1,1,,,,1,1,,1,,,1,1,1,,,,,1,,1,,,,0,,,,,,0,,,,,,,0,,,1,1,1,,1,,,,3,0,2,1,,,,,,,,,,,
764,1,SP,B,,C,1,,,1,,,1,1,,,1,,1,,,,0,,,,,,,,,,0,,,,,,,,,,,,1,1,,,,,1,,1,,,,1,1,,,,,0,,,,,,,0,,,1,1,1,1,1,1,,,2,0,2,1,,,,,,,,,,,
766,1,RJ,B,,D,1,,,1,,,0,,,,0,,,,,,0,,,,,,,,,,0,,,,,,,,,,,,1,1,,,,,1,1,1,,,,1,1,,,,,1,,,,,1,,0,,,,,1,1,1,,,,3,0,2,1,,,1,,,,,,,,
768,1,RS,B,,D,,1,,1,,,0,,,,1,,1,,,,1,1,,,,,,,,,0,,,,,,,,,,,,1,1,,1,,,1,1,1,1,,,1,,,1,,,0,,,,,,,0,,1,1,1,1,1,1,1,,,2,0,1,1,,,,,,,,,,,
769,1,PR,E,1,D,,,,1,,,2,,,,0,,,,,,0,,,,,,,,,,0,,,,,,,,,,,,0,,,,,,1,1,,,,,1,1,,,,,0,,,,,,,0,,,1,,1,,1,,,,2,0,2,1,,,,,,,,,,,
772,1,SP,E,1,D,,,,1,,,2,,,,0,,,,,,0,,,,,,,,,,0,,,,,,,,,,,,1,1,,,,,1,1,1,,,,1,1,,,,,0,,,,,,,0,,,,,1,,1,,,,2,0,1,1,,,,,,,,,,,
777,1,SP,A,0,A,,,,1,,,2,,,,0,,,,,,0,,,,,,,,,,0,,,,,,,,,,,,1,1,,,,,1,,1,,,,1,1,,,,,0,,,,,,,0,,,,1,1,,1,,,,2,0,0,1,,,,,,,,,,,
781,1,PE,B,,D,,,,1,,1,1,1,,,1,1,,,,,0,,,,,,,,,,0,,,,,,,,,,,,1,1,,,,,0,,,,,,1,1,,,,,0,,,,,,,0,,,1,1,1,,1,,,,2,5,2,1,,,,,,,,,,,
783,1,PE,B,,D,,,,1,,,0,,,,0,,,,,,0,,,,,,,,,,0,,,,,,,,,,,,1,1,,1,,,0,,,,,,0,,,,,,0,,,,,,,0,,,,,1,1,1,,,,2,1,1,1,,1,,1,,,1,,,,
787,1,PE,B,,D,,,,1,,1,1,1,,,1,1,,,,,0,,,,,,,,,,0,,,,,,,,,,,,1,1,,,,,0,,,,,,1,1,,,,1,0,,,,,,,0,,,1,1,1,,1,,,,2,5,2,1,,,,,,,,,,,
788,1,CE,A,0,B,,,,1,,,0,,,,0,,,,,,0,,,,,,,,,,0,,,,,,,,,,,,1,1,,1,,,0,,,,,,1,1,,1,,,0,,,,,,,0,,,,,1,,1,,,,3,1,1,1,,,,,,,,,1,,
803,1,SP,A,0,D,,,,1,,,2,,,,1,,1,,,,1,1,,1,,,,,,,0,,,,,,,,,,,,1,1,,1,,,1,1,1,,,,1,1,,,,,1,,,,,1,,0,,1,1,1,1,1,1,1,1,,2,0,2,1,,1,,,,,,1,,,
806,1,RS,A,1,C,,,,1,,,0,,,,0,,,,,,0,,,,,,,,,,0,,,,,,,,,,,,1,1,,,,,0,,,,,,0,,,,,,0,,,,,,,0,,,1,1,1,,1,,,,2,0,2,1,,1,,,,,,,1,,
811,1,SC,B,,C,,,,1,,,1,,1,,1,,1,,,,1,1,,1,,,,,,,0,,,,,,,,,,,,1,1,,,,,1,1,,,,,1,1,,,,,1,,,1,,,,0,,,1,1,1,1,1,,1,,2,0,1,1,,,,,,,,,1,,
812,1,GO,B,,C,,,,1,,,0,,,,0,,,,,,0,,,,,,,,,,0,,,,,,,,,,,,1,1,,,,,0,,,,,,1,1,,,,,0,,,,,,,0,,,,,1,1,1,,,,1,0,0,1,,,,,,,,,,,
813,1,RS,B,,D,,,,1,,,0,,,,1,1,1,,,,1,1,,,,,,,,1,0,,,,,,,,,,,,1,1,,,,,1,1,1,,,,1,1,,,1,,0,,,,,,,0,,1,1,1,1,1,1,1,,,2,0,2,1,,,,,,,,,,,
815,1,SP,B,,D,,,,1,,,0,,,,0,,,,,,0,,,,,,,,,,0,,,,,,,,,,,,1,1,,1,,,1,1,,,,,1,1,,,,,0,,,,,,,0,,,,1,1,1,1,,,,2,0,2,1,,,,,,,,,,,
819,1,SP,E,1,D,,,,1,,,2,,,,0,,,,,,0,,,,,,,,,,0,,,,,,,,,,,,1,,,,,1,0,,,,,,0,,,,,,0,,,,,,,0,,1,1,,1,,1,,,,1,0,2,1,,,,,,,,,,,
822,1,SP,B,,D,,,,1,,1,0,,,,1,,,,,1,1,1,,,,,,,,,0,,,,,,,,,,,,1,,,1,,,1,1,,,,,1,1,,,,,0,,,,,,,0,,1,1,1,1,1,1,,,,1,1,2,1,,1,1,,,,,,,,
824,1,PE,A,1,C,,,,1,,,0,,,,1,,,,,,1,,,,,,,,,,1,1,,1,,0,,,,,,,0,,,,,,1,,1,,,,0,,,,,,0,,,,,,,0,,1,1,1,1,1,1,1,1,,2,0,2,1,,,,,,,,,,,
825,1,SP,B,,D,,,,1,,,1,,1,,0,,,,,,1,1,,,,,,,,,0,,,,,,,,,,,,1,1,,,,,1,1,,,,,0,,,,,,0,,,,,,,0,,,,,1,,1,,,,1,1,2,1,,,1,,,,,,,,
827,1,SP,B,,D,,,,1,,,2,,,,0,,,,,,1,,,,,1,,,1,,0,,,,,,,,,,,,1,1,,,,,0,,,,,,1,,,1,,,0,,,,,,,0,,,1,1,1,1,1,,,,2,0,3,1,,,,,,,,,,,
829,1,SP,B,,C,1,,,1,,,1,1,,,0,,,,,,0,,,,,,,,,,1,,,1,,1,,,,,1,,1,1,,,,,1,,1,,,,1,1,,,,,0,,,,,,,0,,1,1,1,1,,1,,,,2,0,3,1,,,,,,,,,,,
831,1,RS,B,,D,1,,,1,,,1,1,,,0,,,,,,1,1,,,,,,,,,1,1,,,,1,1,,,,,,1,1,,,,,1,1,,,,,1,1,,,,,1,,,,,1,,0,,1,1,1,1,1,,,,,3,1,2,1,,,,,,,,,,,
841,1,MG,B,,D,,,,1,,,2,,,,0,,,,,,1,1,,,,,,,,,0,,,,,,,,,,,,1,1,,,,,1,,1,,,,0,,,,,,0,,,,,,,0,,1,1,1,1,1,1,,1,,2,1,4,1,,,,,,,,,,,
844,1,RO,A,0,B,1,,,1,,,2,,,,0,,,,,,0,,,,,,,,,,0,,,,,,,,,,,,1,1,1,,,,0,,,,,,1,1,,1,1,,0,,,,,,,0,,1,1,1,1,,1,1,,,3,0,2,1,,,,1,,,,,,,
845,1,SP,E,0,A,,,,1,,,0,,,,0,,,,,,0,,,,,,,,,,0,,,,,,,,,,,,0,,,,,,0,,,,,,1,1,,,,,0,,,,,,,0,,,,,1,,,1,,,1,0,1,1,,,,,,,,,,,
846,1,SP,B,,D,,,,1,,,2,,,,0,,,,,,0,,,,,,,,,,0,,,,,,,,,,,,1,,,1,,,0,,,,,,1,1,,1,,,0,,,,,,,0,,1,1,1,1,,1,,,,2,1,2,1,1,1,,,,,,,,,
847,1,RS,B,,D,,,,1,,,1,1,,,1,1,,,,,1,1,,,,,,,,,0,,,,,,,,,,,,1,1,,1,,,1,1,1,,,,1,1,,,1,,1,,1,,1,,,0,,1,1,1,1,1,1,1,,,2,0,2,1,,,,,,,,,,,
848,1,SP,B,,D,,,,1,,,0,,,,0,,,,,,0,,,,,,,,,,0,,,,,,,,,,,,1,1,,,,,1,,1,,,,0,,,,,,0,,,,,,,0,,1,1,1,1,1,1,1,,,1,1,2,1,,,,,,,,,,,
851,1,RJ,B,,D,1,,,1,,,1,,1,,0,,,,,,0,,,,,,,,,,0,,,,,,,,,,,,1,,,1,,,0,,,,,,0,,,,,,0,,,,,,,0,,1,1,1,1,,1,,,,1,0,2,,,,1,1,,,,,,,
852,1,RS,B,,C,,,,1,1,,2,,,,1,,1,,,,0,,,,,,,,,,0,,,,,,,,,,,,1,,,,,1,1,1,,,,,1,1,,,,,0,,,,,,,0,,1,1,1,1,,1,,,,1,0,2,1,,1,,,,,,,,,
857,1,RJ,B,,D,,,,1,,,0,,,,0,,,,,,0,,,,,,,,,,1,1,,,,0,,,,,,,0,,,,,,0,,,,,,0,,,,,,0,,,,,,,0,,,1,,1,,1,,,,2,0,1,,,,,,,,,,,1,
860,1,RS,B,,C,,,,1,,,1,1,,,0,,,,,,0,,,,,,,,,,0,,,,,,,,,,,,0,,,,,,1,1,1,,,,0,,,,,,0,,,,,,,0,,,1,1,1,1,1,,,,1,0,2,1,,,,,,,,,,,
861,1,SP,B,,C,,1,,1,,,1,1,,,1,,1,,,1,1,1,,1,,,,,,,0,,,,,,,,,,,,1,1,,,,,0,,,,,,1,1,,,,,1,,,,,,1,0,,,1,1,1,1,,,1,,2,0,4,,1,1,,,,,,1,,,
865,1,RJ,D,1,B,,,,1,,,2,,,,0,,,,,,0,,,,,,,,,,0,,,,,,,,,,,,1,,,,,1,1,1,1,,,,1,1,,,,,0,,,,,,,0,,,1,1,1,,,,,,1,1,2,,,,1,,,,,,,,1
868,1,SP,F,0,D,,,,1,,,2,,,,0,,,,,,1,1,,,,,,,,,1,1,1,,,0,,,,,,,1,1,,1,,,1,1,1,,,,1,1,,1,,,0,,,,,,,0,,1,1,1,1,1,1,,,,2,0,2,1,,,,,1,,,,,,
872,1,RS,B,,D,,,,1,,,1,,1,,1,,1,,,,1,1,,,,,,,,,0,,,,,,,,,,,,1,1,,,,,1,1,,,,,1,1,,,1,,0,,,,,,,0,,1,1,1,1,1,1,,1,,2,0,2,1,,,,,,,,,,,
874,1,RJ,B,,B,,,,1,,,0,,,,0,,,,,,0,,,,,,,,,,0,,,,,,,,,,,,1,,,1,,,0,,,,,,1,1,,,,,0,,,,,,,0,,,1,1,1,,1,,,,2,0,2,,1,1,,,,,,,,,
877,1,RJ,B,,D,,,,1,,,0,,,,0,,,,,,0,,,,,,,,,,0,,,,,,,,,,,,1,1,,,,,0,,,,,,1,1,,,,,0,,,,,,,0,,,1,1,1,,1,,,,2,0,2,1,,,,,,,,,,,
879,1,SP,B,,C,1,1,,1,,,1,1,,,1,1,1,,,,1,1,,,,,,,,,1,1,1,,,1,1,1,1,1,1,,1,1,,,,,1,,1,,,,1,1,,1,,,1,1,,,1,,,0,,1,1,1,1,,1,1,,,3,0,3,1,,,,,,,,,,,
881,1,PE,B,,D,,,,1,,,0,,,,0,,,,,,0,,,,,,,,,,1,,,1,,0,,,,,,,1,1,,1,,,1,1,1,,,,0,,,,,,0,,,,,,,0,,,1,1,1,,1,,,,1,0,2,1,,,,,,,,,,,
884,1,RJ,A,1,D,,1,,1,1,1,0,,,,0,,,,,,0,,,,,,,,,,1,1,1,,,1,1,,1,,,,1,1,1,,,,1,1,,,,,1,1,,,,,1,,,,1,,,0,,,1,1,1,,,,,,3,0,3,1,,1,,,1,,1,,,,
885,1,RJ,B,,D,,1,,1,,,0,,,,0,,,,,,0,,,,,,,,,,1,1,,1,,1,1,,1,,,,1,1,,,,,1,,1,,,,0,,,,,,0,,,,,,,0,,,1,1,1,1,1,,,,2,0,1,1,,,,,,,,,,,
888,1,SP,E,1,C,,,,1,,1,2,,,,0,,,,,,0,,,,,,,,,,0,,,,,,,,,,,,1,1,,,,,1,,1,,,,0,,,,,,0,,,,,,,0,,1,1,1,1,,1,1,,,2,0,2,1,,,,,,,,,,,
893,1,SC,B,,D,1,,,1,,1,1,,,1,1,1,1,,,,1,1,,,,,,1,,,1,1,1,,,1,,1,1,,,,1,1,,1,,,1,,1,,,,1,1,,,,,1,,,,,1,1,1,0,1,1,1,1,1,,,1,,3,0,2,1,,,,,,,,,,,1
896,1,SP,B,,B,1,,,1,,,0,,,,1,,1,,,,0,,,,,,,,,,1,,,1,,1,,,,,1,,1,1,,,,,1,1,1,,,,0,,,,,,0,,,,,,,1,0,1,,1,1,1,1,,,,2,1,1,1,,1,,,,,,,,,
898,1,SP,B,,D,,1,,1,,,1,,1,,1,1,1,,,,1,1,,,,,,,,,0,,,,,,,,,,,,1,1,,,,,1,1,,,,,1,1,,,,,1,,,1,,,,0,,1,1,1,1,1,,,1,,2,0,2,1,,,,,,,,,,,
899,1,RS,B,,D,,,,1,,,2,,,,0,,,,,,0,,,,,,,,,,0,,,,,,,,,,,,1,,,,,1,1,1,,,,,1,1,,,,,0,,,,,,,0,,1,1,1,1,1,1,,,,2,1,1,,,,1,,,,,,,,
905,1,RJ,B,,D,,,,1,,1,1,1,,,1,1,,,,,1,1,,1,,,,,,,1,1,,,,1,,,,,,1,1,1,,,,,1,,1,,,,0,,,,,,0,,,,,,,0,,,1,1,1,1,,,,,2,0,2,1,,,,,,,,,,,
915,1,PE,B,,C,,,,1,,,1,,,,1,1,1,,,,1,1,,,,,,,,,0,,,,,,,,,,,,1,1,,,,,0,,,,,,0,,,,,,0,,,,,,,0,,1,1,1,,,1,,,,2,1,1,1,,,,,,,,,,,
928,1,RS,B,,C,,,,1,,,1,1,,,1,1,1,,,,1,1,,,,,,,,,0,,,,,,,,,,,,1,1,,,,,0,,,,,,1,1,,,,,1,,,,1,,,0,,,1,1,1,1,1,,,,3,0,3,1,,,,,,,,,,,