Id,BRA,EST,PER,FOC,EXP,FRW.ANG,FRW.BBO,FRW.EMB,FRW.JQU,FRW.KNO,FRW.OTH,MOD,MOD.AMD,MOD.COM,MOD.OTH,PKG,PKG.BOW,PKG.NPM,PKG.VOL,PKG.JAM,PKG.OTH,AUT,AUT.GRN,AUT.GER,AUT.ANT,AUT.MAK,AUT.CAK,AUT.JAK,AUT.RAK,AUT.BAS,AUT.OTH,TST,TST.UNI,TST.INT,TST.PER,TST.OTH,TST.FER,TST.FER.QUN,TST.FER.KAR,TST.FER.JAS,TST.FER.SIN,TST.FER.MOC,TST.FER.OTH,VER,VER.GIT,VER.MER,VER.SVN,VER.RAT,VER.OTH,PCS,PCS.LES,PCS.SAS,PCS.STY,PCS.ROO,PCS.OTH,CSS,CSS.TBS,CSS.TCO,CSS.FOU,CSS.PUR,CSS.OTH,TMP,TMP.DUS,TMP.HAN,TMP.MUS,TMP.JAD,TMP.FRW,TMP.OTH,LNG,LNG.CHO,PRO.MHT,PRO.MCS,PRO.MJS,PRO.CCS,PRO.CJS,PRO.OIM,PRO.CDU,PRO.CDR,PRO.OTH,BRW.SUP,BRW.DES,MOB,EDT.SUB,EDT.WEB,EDT.NOT,EDT.VST,EDT.DRW,EDT.VIM,EDT.EMA,EDT.TXM,EDT.NET,EDT.ECL,EDT.BRA,EDT.OTH
27,S,PR,B,,C,1,,,1,,,S,,1,,N,,,,,,S,1,,,,,,,,,S,,1,1,,N,,,,,,,S,1,,,,,S,1,1,,,,S,1,,1,,,N,,,,,,,N,,,,,1,1,1,,,,3,B,3,1,,,,,,,,,,,
28,S,RJ,B,,D,,1,,1,,,N,,,,S,,1,,,,S,1,,,,,,,,,N,,,,,,,,,,,,S,1,,,,,S,1,,,,,N,,,,,,N,,,,,,,N,,1,1,1,,,,1,,,1,A,2,1,,,,,,,,,,,
30,S,SC,A,S,D,,1,1,1,,,S,1,,,N,,,,,,N,,,,,,,,,,S,,,1,,N,,,,,,,N,,,,,,N,,,,,,N,,,,,,N,,,,,,,N,,,,1,,1,,,1,,1,B,4,,,1,,,,,,,,,
31,S,SP,B,,A,,,,1,,,U,,,,N,,,,,,S,1,,,,,,,,,S,,,1,,N,,,,,,,S,1,,,,,S,1,1,,,,S,,,1,,,N,,,,,,,N,,1,1,1,,,,1,,,1,A,0,1,,,,,,,,,,,
32,S,SC,E,S,B,,,,1,,,N,,,,N,,,,,,N,,,,,,,,,,N,,,,,,,,,,,,N,,,,,,N,,,,,,N,,,,,,N,,,,,,,N,,1,1,1,1,1,,,,,3,A,1,,,1,,,,,,1,,,
33,S,SP,E,S,B,,,,1,,,N,,,,N,,,,,,N,,,,,,,,,,N,,,,,,,,,,,,N,,,,,,N,,,,,,S,,,1,,,N,,,,,,,N,,1,,,,,,,,,2,A,1,,,1,,,,,,,1,,
36,S,RS,A,N,C,,,,1,,,U,,,,N,,,,,,N,,,,,,,,,,N,,,,,,,,,,,,N,,,,,,N,,,,,,S,1,,,,,N,,,,,,,N,,,,,,,,,,,3,B,2,1,,,,,,,,,,,
37,S,RS,B,,D,,1,1,1,,,S,,1,,S,1,1,,,,S,1,,,,,,,,,S,,,1,,N,,,,,,,S,1,,,,,N,,,,,,S,1,,,1,,N,,,,,,,N,,,1,1,1,1,1,,,,1,A,2,1,,,,,,,,,,,
40,S,PR,A,N,D,1,,,1,,,N,,,,S,1,,,,,N,,,,,,,,,,S,1,,,,N,,,,,,,S,1,,,,,N,,,,,,S,1,,1,,,N,,,,,,,N,,1,,1,1,1,1,,,,2,A,4,1,,,,,1,,,,,,
41,S,MG,B,,D,1,1,,1,,,U,,,,N,,,,,,N,,,,,,,,,,N,,,,,,,,,,,,S,1,,,,,N,,,,,,S,1,,,,,S,,,,,1,,S,A,,,1,,,,,,,3,A,2,1,,,,,,,,,,,
44,S,MG,B,,D,1,,,1,1,1,S,1,,,S,1,1,,1,1,S,1,,,,,,,,,S,1,1,,,S,1,,1,1,1,,S,1,,1,,1,S,1,,,,,S,1,1,1,1,,S,,1,1,1,,,S,E,,1,1,1,1,1,,,,2,A,3,1,,,1,,1,,,,,,
46,S,SP,A,N,C,,,,1,,,N,,,,N,,,,,,N,,,,,,,,,,N,,,,,,,,,,,,S,1,,1,,,N,,,,,,S,1,,,,,N,,,,,,,N,,,,,1,1,1,1,,,1,B,1,1,,1,,,,,,,,,
54,S,RS,A,S,D,,1,,1,,,N,,,,N,,,,,,N,,,,,,,,,,N,,,,,,,,,,,,S,,,1,,,S,1,,,,,N,,,,,,N,,,,,,,N,,,,,1,1,1,,1,,0,B,1,1,,1,,,,,,,,,
55,S,SP,E,S,A,,,,,,,N,,,,N,,,,,,N,,,,,,,,,,N,,,,,,,,,,,,N,,,,,,N,,,,,,S,1,,,1,,N,,,,,,,N,,,,,,,,,,,3,A,0,,,,,1,,,,,,,
58,S,RJ,B,,B,1,,,1,,,N,,,,S,1,1,,,,S,1,,,,,,,,,S,1,1,,,S,,1,1,,,,S,1,,,,,S,,1,,,,S,1,,,,,S,1,,,,1,,S,A,,1,1,,,,1,1,,3,A,2,1,1,,,,,,,,,,
61,S,RJ,B,,D,,,,1,,,N,,,,N,,,,,,N,,,,,,,,,,N,,,,,,,,,,,,S,1,,,,,N,,,,,,S,1,,,,,N,,,,,,,N,,,,1,1,1,,1,,,3,A,0,1,,1,,,,,,,,,
62,S,RJ,A,N,B,,,,1,,,N,,,,N,,,,,,N,,,,,,,,,,N,,,,,,,,,,,,S,1,,1,,,N,,,,,,S,1,,,,,N,,,,,,,N,,1,,,,,,,,,2,A,1,1,,1,1,,,,,,,,
63,S,RJ,A,N,B,,,,1,,,S,,1,,S,1,1,,,,S,1,,,1,,,,1,,N,,,,,,,,,,,,S,1,,1,,,S,1,,,,1,S,1,,,,,S,,1,1,1,1,,S,A,,1,1,,,,1,,,2,A,2,1,,,,,1,,,,,,
64,S,SP,A,S,B,,,,1,,,N,,,,N,,,,,,N,,,,,,,,,,S,1,,,,N,,,,,,,N,,,,,,N,,,,,,N,,,,,,N,,,,,,,N,,,1,1,,,,,,,1,A,0,1,,,,,,,,,,,
67,S,MG,A,N,B,,,,1,,,N,,,,N,,,,,,N,,,,,,,,,,N,,,,,,,,,,,,N,,,,,,N,,,,,,N,,,,,,N,,,,,,,S,D,,,1,,,,,,,3,A,0,,,,,,,,,,1,,
74,S,RJ,F,N,C,1,,,1,,,N,,,,N,,,,,,N,,,,,,,,,,S,1,1,,,S,,1,1,,,,S,1,,,,,S,,1,,,,S,1,,1,,,S,,,,,1,,N,,,,1,1,1,,,,,2,A,0,1,1,,,,,,,,,,
76,S,CE,B,,D,,,,1,,,N,,,,N,,,,,,N,,,,,,,,,,S,1,,,,S,1,,1,,,,S,1,,,,,S,,1,,,,N,,,,,,N,,,,,,,N,,,1,1,1,1,1,,,,2,A,2,1,,,,,,,,,,,
81,S,SP,B,,D,,,,1,,,N,,,,N,,,,,,N,,,,,,,,,,S,1,,,,S,1,,,,,,S,1,1,,,,N,,,,,,S,1,,,,,N,,,,,,,N,,,1,1,1,1,1,,,,2,A,1,1,,,,,,,,,,,
83,S,RJ,A,S,D,,,,1,,,N,,,,N,,,,,,N,,,,,,,,,,N,,,,,,,,,,,,N,,,,,,N,,,,,,S,1,,,,,N,,,,,,,N,,,1,,1,,1,1,1,,1,A,0,,,,,1,,,,,,,
85,S,RJ,F,N,D,,,,1,,,N,,,,N,,,,,,N,,,,,,,,,,N,,,,,,,,,,,,S,,,1,,,N,,,,,,S,1,,,,,S,,,,,,1,N,,,1,1,1,1,1,,,,3,A,2,1,,,1,,,,,,,,
86,S,RN,B,,D,,,,1,,,U,,,,N,,,,,,N,,,,,,,,,,N,,,,,,,,,,,,N,,,,,,S,,1,,,,N,,,,,,N,,,,,,,N,,1,1,1,1,,1,,,,2,B,2,1,,,,,,,,,,,
87,S,RJ,A,N,C,1,,,1,,,N,,,,N,,,,,,N,,,,,,,,,,N,,,,,,,,,,,,N,,,,,,N,,,,,,S,1,,,,,N,,,,,,,N,,,,1,,,1,1,,,1,A,2,1,,,,,,,,,,,
88,S,RJ,B,,B,,,,1,,,N,,,,N,,,,,,N,,,,,,,,,,N,,,,,,,,,,,,N,,,,,,S,1,,,,,N,,,,,,N,,,,,,,N,,1,,,,,,,,,3,A,4,1,,,,,,,,,1,,
89,S,SC,E,N,A,,,,1,,,U,,,,N,,,,,,N,,,,,,,,,,N,,,,,,,,,,,,S,1,,,,,N,,,,,,S,1,,,,,N,,,,,,,N,,1,1,1,1,1,1,,,,1,B,1,1,,,,,,,,,,,
92,S,GO,B,,D,1,,,1,,,S,,1,,S,1,1,,,,S,1,,,,,,,,,S,,,1,,S,1,,,,,,S,1,,,,,S,1,,,,,S,1,,,,,S,,,,1,,,S,A,,1,1,1,1,1,,,,2,B,2,1,,,,,,,,,,,
96,S,SP,B,,D,,,,1,,,S,,1,,S,1,,,,,S,1,,,,,,,,,N,,,,,,,,,,,,S,,,1,,,S,,1,,,,N,,,,,,N,,,,,,,N,,,1,,,,1,1,,,1,B,3,1,,,,,,,,,,,
97,S,RN,B,,D,,,,1,,,U,,,,N,,,,,,N,,,,,,,,,,N,,,,,,,,,,,,N,,,,,,N,,,,,,N,,,,,,N,,,,,,,N,,,1,,,,1,,,,3,A,1,,,,,,,,,,,,1
99,S,MG,B,,B,,,,1,,,N,,,,N,,,,,,N,,,,,,,,,,N,,,,,,,,,,,,N,,,,,,N,,,,,,S,1,,1,,,N,,,,,,,N,,,,,,,1,,,,2,A,0,1,,,,,,,,,,,
100,S,SC,B,,D,1,,,,,,S,1,,,N,,,,,,S,1,,,,,,,,,N,,,,,,,,,,,,S,1,,,,,S,1,1,,,,S,1,,,,,S,,,,,1,,S,A,1,,1,1,,,1,,,2,A,3,1,,,,,,,,,,,
102,S,RJ,B,,D,,,,1,,,S,,1,,N,,,,,,N,,,,,,,,,,S,1,1,,,S,1,,,,,,S,1,1,,,,S,1,,,,,S,1,,1,1,,S,,,,,1,,N,,1,1,,,,1,1,,,2,A,3,1,,,,,,,,,,,
103,S,MG,B,,C,,,,1,,,U,,,,N,,,,,,N,,,,,,,,,,N,,,,,,,,,,,,N,,,,,,N,,,,,,N,,,,,,N,,,,,,,N,,,,,,,,,,,3,A,2,,,1,,,,,,,,,
105,S,SP,A,N,D,,,,1,,,N,,,,N,,,,,,N,,,,,,,,,,S,1,,1,,S,,,1,,,,N,,,,,,N,,,,,,S,,,1,,,N,,,,,,,N,,,,,,1,1,,,,2,A,1,1,,,,,,,,,,,
106,S,CE,F,N,D,1,1,,1,,,N,,,,N,,,,,,S,1,,,,,,,,,S,1,,1,,S,,,1,,,,S,1,,,,,S,,1,,,,N,,,,,,N,,,,,,,N,,,,,,,,,,,2,A,2,1,,,,,,,,,,,
107,S,RJ,B,,D,,,,1,,,S,,1,,N,,,,,,S,1,,,1,,,,,,N,,,,,,,,,,,,S,1,,,,,S,1,1,,,,N,,,,,,N,,,,,,,N,,1,,1,,,,,,,2,B,0,,,,,,1,,,,,,
108,S,CE,B,,A,,,,,,,N,,,,N,,,,,,N,,,,,,,,,,N,,,,,,,,,,,,N,,,,,,N,,,,,,N,,,,,,N,,,,,,,N,,,,,1,,1,,,,2,A,2,,,1,,,,,,,,,
111,S,MG,B,,D,,,,1,,,N,,,,N,,,,,,N,,,,,,,,,,N,,,,,,,,,,,,N,,,,,,N,,,,,,S,1,,,,,S,,,,,1,,N,,1,1,1,1,1,,1,,,2,A,2,,,,,,,,,1,,,1
112,S,RJ,B,,D,,,,1,,,N,,,,N,,,,,,N,,,,,,,,,,N,,,,,,,,,,,,S,,,1,,,S,1,,,,,N,,,,,,N,,,,,,,N,,1,1,1,1,1,1,,,,1,B,4,1,,,,,,,,,,,
114,S,RJ,B,,D,1,1,,1,1,,N,,,,S,1,1,,,,S,1,,,,,,,1,,S,1,,,,S,,1,1,,1,,S,1,,,,,S,1,,,,,S,1,,,,,S,1,1,,,1,,S,A,1,1,1,1,1,,,1,,3,A,3,,1,,,,,,,,,,
115,S,CE,B,,C,,,,1,,,N,,,,N,,,,,,S,1,,,,,,,,,N,,,,,,,,,,,,S,1,,,,,N,,,,,,S,1,,,,,N,,,,,,,N,,1,1,,1,1,,,,,1,A,2,1,,,,,,,,,,,
117,S,RS,A,N,D,,,,1,,,N,,,,N,,,,,,N,,,,,,,,,,N,,,,,,,,,,,,S,1,,,,,S,1,,,,,S,1,,,,,N,,,,,,,N,,,1,1,,,1,,,,1,A,2,1,,,,,,,,,,,
120,S,MG,F,N,D,1,,,1,,,N,,,,S,,1,,,,S,,,,,,,,,1,N,,,,,,,,,,,,S,1,,,,,S,,1,,,,S,1,,1,,,S,,,,,,,N,,,1,1,1,1,1,1,1,,3,A,4,1,,,,,1,,,,,,
121,S,SP,B,,D,,,,1,,1,S,1,,,S,1,1,,,,S,1,,,,,,,,,S,1,,,,S,,,1,1,1,,S,1,,,,,S,,1,,,,N,,,,,,S,,1,,,,,N,,1,1,1,1,1,1,,1,,2,A,4,1,,,,,,,,,,,
124,S,MG,B,,C,,,,1,,,U,,,,N,,,,,,N,,,,,,,,,,N,,,,,,,,,,,,N,,,,,,N,,,,,,N,,,,,,N,,,,,,,N,,1,1,1,1,1,1,,,,2,B,2,,,1,,1,,,,,,,
126,S,RJ,E,S,D,,,,1,,1,N,,,,N,,,,,,S,,,1,,1,,,,,S,1,,,,S,,,,,1,,S,1,1,,,,S,,1,,,1,S,1,,,,,N,,,,,,,N,,1,1,,1,,1,,,,1,B,3,1,,,,,,,,,,,1
127,S,MG,E,S,D,,,,1,,,U,,,,S,,,,,,N,,,,,,,,,,N,,,,,,,,,,,,S,1,,,,,N,,,,,,N,,,,,,N,,,,,,,N,,1,1,1,1,1,1,,,,1,B,2,1,,1,,,,,,,,,
131,S,CE,E,S,B,,,,1,,,U,,,,N,,,,,,N,,,,,,,,,,N,,,,,,,,,,,,S,1,1,,,,N,,,,,,N,,,,,,N,,,,,,,N,,,,,1,,,,,,3,A,2,1,,,,1,,,1,,,,
132,S,AL,B,,A,,,,1,,,N,,,,N,,,,,,N,,,,,,,,,,N,,,,,,,,,,,,N,,,,,,N,,,,,,N,,,,,,N,,,,,,,N,,,,,1,,,,,,3,B,0,,,,,1,,,,,,,
133,S,SP,B,,D,1,1,1,,,1,S,1,1,,S,,1,,,,S,1,,,1,,,1,1,,S,1,,,,S,,1,,1,1,1,S,1,,,,,S,1,1,1,,,S,1,,1,,,S,,1,,1,,,S,D,1,1,1,1,1,1,,,,3,B,3,1,,,,,1,,,,,,
134,S,SP,F,S,D,,,,1,,1,S,,,1,N,,,,,,N,,,,,,,,,,S,1,,1,,S,1,,,,,,S,1,,,,,S,,1,1,,,S,1,,,,,S,,1,,,,,N,,,,,1,1,1,1,,,2,A,2,1,,,,,,,,,,,
139,S,CE,B,,D,1,,,1,1,,S,,1,,S,1,1,,,,S,1,,1,,,,1,,,N,,,,,,,,,,,,S,1,,,,,N,,,,,,S,1,,1,,,S,,1,1,,,,N,,,1,1,1,1,,,,,2,A,2,1,,,,,,,1,,,,
141,S,RJ,B,,D,,,,1,,,S,,1,,N,,,,,,N,,,,,,,,,,N,,,,,,,,,,,,S,1,,1,,,S,1,1,,,,N,,,,,,N,,,,,,,N,,,1,,,,1,,,,1,B,2,1,,1,,1,,,,,,,
144,S,RJ,E,N,D,,,,1,,,N,,,,N,,,,,,N,,,,,,,,,,N,,,,,,,,,,,,S,1,,,,,N,,,,,,S,1,,,,,N,,,,,,,N,,1,1,1,1,1,1,1,,,2,A,2,,,,1,,,,,,,,
145,S,RS,B,,A,,,,1,,,U,,,,N,,,,,,S,1,,,,,,,,,N,,,,,,,,,,,,N,,,,,,N,,,,,,S,,,,1,,N,,,,,,,N,,,,,1,,,,,,0,A,0,,,1,,,,,,,,,
146,S,SP,B,,D,,,,1,,,N,,,,N,,,,,,N,,,,,,,,,,S,,,1,,N,,,,,,,S,,,,,1,N,,,,,,S,,,,,1,N,,,,,,,N,,,,,,,1,,,,1,B,2,,,,1,1,,,,,,,
148,S,MG,B,,A,1,,,,,,N,,,,N,,,,,,N,,,,,,,,,,N,,,,,,,,,,,,S,1,,,,,N,,,,,,N,,,,,,N,,,,,,,N,,1,1,1,1,1,1,,,,2,A,3,1,,,,,,,,,,,
149,S,PR,F,N,C,,,,1,,,U,,,,N,,,,,,N,,,,,,,,,,S,1,,,,S,,,,,,1,N,,,,,,N,,,,,,S,1,,,,,N,,,,,,,N,,1,,,,,,,,,3,A,2,,,,,1,,,,,,,
150,S,SP,B,,C,,,,1,,,N,,,,N,,,,,,N,,,,,,,,,,S,1,,1,,N,,,,,,,N,,,,,,S,1,,,,,S,1,,,,,N,,,,,,,N,,1,1,1,1,1,1,1,,,3,A,0,,,,,1,,,,,,,
154,S,SP,B,,B,,,,1,,,U,,,,S,1,,,,,S,1,,,,,,,,,N,,,,,,,,,,,,S,1,,1,,,N,,,,,,S,1,,,,,N,,,,,,,N,,1,1,1,1,1,1,,,,3,A,2,1,,1,,,,,,1,,,
159,S,CE,B,,D,,,,1,,,N,,,,N,,,,,,N,,,,,,,,,,N,,,,,,,,,,,,N,,,,,,N,,,,,,S,,,1,,,N,,,,,,,N,,,,,1,,,1,,,1,A,2,1,,1,,,,,,,,,
161,S,RJ,B,,D,1,,,1,,,N,,,,S,1,1,,,,S,1,,,,,,,,,N,,,,,,,,,,,,S,1,,1,,,S,1,1,,,,N,,,,,,S,,1,,,,,N,,1,1,1,1,1,1,,,,2,A,2,1,,,,,,,,,,,
163,S,PR,B,,D,,,,1,,,N,,,,N,,,,,,N,,,,,,,,,,N,,,,,,,,,,,,N,,,,,,N,,,,,,N,,,,,,N,,,,,,,N,,1,1,,1,,,,,,2,C,4,,,1,,1,,,,,,,
166,S,RJ,B,,D,,1,,1,,,N,,,,N,,,,,,N,,,,,,,,,,N,,,,,,,,,,,,S,,,1,,,S,,1,,,,S,1,,1,1,,S,,1,,,1,,N,,1,1,1,1,,1,,,,1,A,2,1,,,1,,,,,,,,
168,S,PR,A,N,C,,,,1,,,N,,,,N,,,,,,N,,,,,,,,,,N,,,,,,,,,,,,S,1,,1,,,N,,,,,,S,1,,,,,N,,,,,,,N,,,,,,,1,1,,,3,A,1,,,1,,,,,,1,1,,
169,S,SP,E,N,D,,,,1,,,N,,,,N,,,,,,N,,,,,,,,,,N,,,,,,,,,,,,S,1,,,,,N,,,,,,S,1,,1,,,N,,,,,,,N,,1,1,1,,,1,,,,2,A,2,1,,,,,,,,,,,
173,S,MG,B,,D,1,1,,1,,,S,1,,,S,1,1,,,,S,1,,,,,,,,,S,1,,,,S,,,1,,,,S,1,,1,,,S,,,,1,,S,1,,,,,N,,,,,,,N,,1,1,1,1,1,,,1,,2,A,3,1,,,,,,,,,,,
174,S,RJ,B,,D,1,1,,1,,,S,1,1,,N,,,,,,S,1,,,,,,,,,N,,,,,,,,,,,,S,1,,1,,,S,,1,,,,S,1,,1,,,S,,,1,,,,N,,,1,1,1,1,1,,,,2,A,2,1,,,,,,,,,,,
178,S,DF,E,S,B,,,,1,,,U,,,,S,,,,,,S,,,,,1,,,,,N,,,,,,,,,,,,S,1,,,,,S,1,,,,,S,1,,,,,N,,,,,,,N,,1,1,,1,,1,,,,3,A,0,1,,,,,,,,,,,
179,S,SP,B,,D,1,,,1,,,S,,1,,N,,,,,,S,1,,,,,,,,,N,,,,,,,,,,,,S,1,,1,,,N,,,,,,S,1,,,,,N,,,,,,,N,,1,1,1,,,,1,,,2,A,3,1,,,,,,,,,,,
180,S,RJ,A,N,D,,1,,1,,1,S,,1,,S,1,1,,,,S,1,,,,,,,1,,S,1,1,1,,S,1,,1,,,1,S,1,,,,,S,1,1,,,,N,,,,,,S,,1,,,,,N,,,1,1,1,1,1,1,,,2,B,2,1,,,,,1,,,,,,
181,S,SP,B,,B,,,,1,,,U,,,,N,,,,,,N,,,,,,,,,,S,,1,,,N,,,,,,,N,,,,,,N,,,,,,S,1,,1,,,N,,,,,,,N,,1,1,1,1,1,1,,,,1,A,1,1,,,,1,,,,,,,
182,S,SP,B,,B,,,,1,,,U,,,,N,,,,,,N,,,,,,,,,,N,,,,,,,,,,,,S,,,,,,N,,,,,,N,,,,,,N,,,,,,,N,,,,,,,1,,,,2,B,0,1,,,,,,,,,,,
184,S,MG,A,S,A,,,,1,,,U,,,,N,,,,,,N,,,,,,,,,,N,,,,,,,,,,,,N,,,,,,N,,,,,,N,,,,,,N,,,,,,,N,,,1,,,,,,,,3,A,1,1,,,,,,,,,,,
185,S,RS,B,,D,,,,1,,,N,,,,N,,,,,,N,,,,,,,,,,N,,,,,,,,,,,,S,1,,1,,,N,,,,,,N,,,,,,N,,,,,,,N,,1,,1,1,1,1,1,,,2,A,2,1,,1,,1,,,,,,,
188,S,SP,B,,A,1,,,,,,N,,,,S,1,1,,1,,N,,,,,,,,,,S,1,,,,S,,,1,,,,N,,,,,,N,,,,,,S,1,,1,,,S,,1,1,,,,N,,1,,,,,,,,,0,A,0,,,1,1,,,,,,,,
190,S,MG,A,N,D,,,,1,,,N,,,,N,,,,,,N,,,,,,,,,,N,,,,,,,,,,,,S,1,,,,,N,,,,,,S,1,1,,,,N,,,,,,,N,,1,1,1,1,1,1,,,,2,A,2,1,,1,,1,,1,,1,,,
194,S,SP,A,N,C,,,,1,,,S,,1,,S,,1,,,,N,,,,,,,,,,N,,,,,,,,,,,,S,1,,,,,S,,1,,,,S,1,,,,,S,,1,1,,,,S,A,,1,,,,,1,,,2,A,2,1,,,,,,,,,,,
196,S,SP,B,,D,,,,1,,,S,1,,,S,1,1,,,,S,1,,,,,,,,,N,,,,,,,,,,,,S,1,,1,,,S,,1,,,,S,,,,1,,S,,,,,1,,N,,1,1,1,1,,1,,,,2,A,2,1,,,,,,,,,,,
197,S,RS,B,,C,,,,1,,,N,,,,N,,,,,,N,,,,,,,,,,N,,,,,,,,,,,,S,,,1,,,N,,,,,,N,,,,,,N,,,,,,,N,,,1,1,,,1,,,,1,B,2,1,,,,,,,,,,,
198,S,SP,A,S,D,,1,,1,,,S,,1,,S,,1,,,,S,,,,,,,,,1,S,1,,,,S,,,1,,,,S,1,,,,,S,,1,,,,S,1,,,,,S,,,,,1,,S,A,1,1,1,1,1,,,1,,1,A,2,1,,,,,1,,,,1,,
200,S,CE,A,N,C,,,,1,,,S,1,,,S,1,1,,,,S,1,,,,,,,,,N,,,,,,,,,,,,N,,,,,,S,1,1,1,,,S,1,,1,,,S,,1,,,,,N,,,1,1,1,,,,,,1,A,2,1,,,,,,,,,,,
201,S,RJ,A,N,C,,,,1,,,S,1,,,N,,,,,,S,1,,,,,,,,,N,,,,,,,,,,,,S,1,,,,,S,1,,,,,S,1,,1,,,N,,,,,,,N,,1,,,1,1,1,,,,2,A,0,1,,,,,,,,,,,
202,S,RJ,B,,D,,,,1,,,S,1,1,,S,1,1,,,,S,1,,,1,,,1,1,,S,1,1,1,,S,,1,1,,1,,S,1,,1,,,S,1,1,,,,S,1,,1,1,,S,,,,1,,,N,,1,1,1,1,1,1,,1,,2,A,2,1,,,1,,,,,,,1,
205,S,RS,B,,B,1,,,1,,,N,,,,N,,,,,,N,,,,,,,,,,N,,,,,,,,,,,,N,,,,,,S,,1,,1,,N,,,,,,N,,,,,,,N,,1,1,1,1,1,1,1,,,2,A,1,1,,,,,,,,,,,
206,S,DF,B,,C,1,,,1,,,N,,,,S,,,,1,,N,,,,,,,,,,N,,,,,,,,,,,,S,1,,1,,,S,,1,,,,S,1,,,,,N,,,,,,,N,,1,1,1,,,1,,,,1,B,2,1,,,,,,,,,,,
207,S,SP,B,,C,,,,1,,,N,,,,N,,,,,,N,,,,,,,,,,N,,,,,,,,,,,,S,1,,,,,S,,1,,,,S,1,,1,1,,N,,,,,,,N,,,1,1,,,1,,,,2,A,3,1,,,,,,,,,,,
209,S,RS,A,N,B,,,,1,,,U,,,,N,,,,,,N,,,,,,,,,,S,1,1,1,,N,,,,,,,S,1,,1,,,N,,,,,,S,1,,,,,N,,,,,,,N,,,1,1,,1,1,,,,2,A,1,1,,,1,,,,,,,,
210,S,MG,B,,D,1,,,1,,,S,,1,,S,1,,,,,N,,,,,,,,,,N,,,,,,,,,,,,N,,,,,,S,,1,,,,S,,,1,,,N,,,,,,,N,,,,,1,,,,,,2,E,2,,,,,1,,,,,,,
211,S,SP,B,,D,1,,1,1,,,S,1,,,S,1,1,,,,S,1,,,,,,,,,N,,,,,,,,,,,,S,1,,,,,S,,1,,,,S,1,,,,,N,,,,,,,N,,,1,1,1,1,1,,,1,1,A,2,1,,,,,,,,,,,
213,S,SP,B,,D,,,,1,,,S,1,,,S,1,,,,,S,1,,,,,,,,,N,,,,,,,,,,,,S,1,,,,,N,,,,,,S,1,,,1,,N,,,,,,,N,,,1,1,1,,1,,1,,2,A,3,1,,,,,,,,,,,
214,S,MG,B,,C,,,,1,,,U,,,,N,,,,,,S,,,,,,,,,1,N,,,,,,,,,,,,S,1,,,,,S,,1,,,,N,,,,,,N,,,,,,,N,,,1,1,1,1,1,,,,2,A,2,1,,,,,,,,,,,
215,S,SP,B,,C,,,,1,,1,N,,,,N,,,,,,N,,,,,,,,,,S,1,,,,N,,,,,,,S,1,,,,,N,,,,,,S,1,,,,,N,,,,,,,N,,1,1,1,1,,,,,,2,A,2,1,,,,,,,,,,,
218,S,RJ,B,,D,,,,1,,1,U,,,,N,,,,,,N,,,,,,,,,,N,,,,,,,,,,,,S,,,1,,,N,,,,,,N,,,,,,N,,,,,,,N,,,,,1,,,,,,3,B,0,,,1,,,,,,,,,
221,S,SC,B,,B,,,,1,,,U,,,,S,,1,,,,S,1,,,,,,,,,N,,,,,,,,,,,,S,1,,,,,S,,1,,,,N,,,,,,N,,,,,,,N,,,1,1,1,1,1,,,,2,A,2,1,,,,,,,,,,,
223,S,RS,B,,D,,,,1,,,N,,,,N,,,,,,S,1,,,,,,,,,N,,,,,,,,,,,,N,,,,,,S,,,,1,,S,1,,,1,,S,,,1,,,,N,,1,1,1,1,1,1,1,,,2,B,3,1,,,,,,,,,,,
226,S,SP,A,N,A,,,,1,,,N,,,,N,,,,,,N,,,,,,,,,,N,,,,,,,,,,,,S,,,,,1,N,,,,,,N,,,,,,N,,,,,,,N,,,,,1,,,,,,3,A,0,,,,,,,,,,1,,
230,S,GO,A,N,C,1,,,1,,,U,,,,N,,,,,,S,,,1,,,,,,,N,,,,,,,,,,,,S,1,,,,,S,1,1,,,,S,1,,1,,,N,,,,,,,N,,,1,1,1,1,1,,,,2,A,1,1,,,,,,,,,,,
231,S,SP,D,S,B,,,,1,,,N,,,,N,,,,,,N,,,,,,,,,,N,,,,,,,,,,,,S,1,,,,,S,,1,,,,S,1,,,,,N,,,,,,,N,,,1,,1,,,,,,2,A,2,1,,,,,,,,,,,
233,S,SP,B,,C,1,,1,1,,,N,,,,N,,,,,,S,1,,,,,,,,,N,,,,,,,,,,,,S,1,,,,,S,1,1,,,,S,1,,1,,,S,,1,,,,,N,,,1,1,1,1,1,,,,1,A,2,1,,1,,,1,,,,,1,
234,S,RS,B,,C,,1,,1,,,N,,,,N,,,,,,N,,,,,,,,,,N,,,,,,,,,,,,S,1,,,,,S,1,,,,,N,,,,,,N,,,,,,,N,,,1,,1,,1,1,,,2,A,1,1,,,,,,,,,,,
236,S,PE,E,S,D,,,,1,,,U,,,,N,,,,,,N,,,,,,,,,,N,,,,,,,,,,,,N,,,,,,S,1,,,,,S,1,,1,,,N,,,,,,,N,,,,,1,1,,,,,2,B,2,1,,1,,,,,,,,,
237,S,PI,B,,D,,1,,1,,,S,,1,,S,1,1,,,,S,1,,1,1,,,,1,,S,1,1,1,,S,,,1,,1,,S,1,,1,,,S,1,1,,,,S,1,,1,,,S,,1,1,1,,,N,,1,1,1,1,1,1,,1,,2,A,3,1,,,1,,1,,,,,,
238,S,RS,B,,B,,,,1,,,U,,,,N,,,,,,N,,,,,,,,,,S,,,1,,N,,,,,,,N,,,,,,N,,,,,,N,,,,,,N,,,,,,,N,,,,1,1,,1,,,,1,A,4,1,,,,1,,,,,,,
240,S,PR,B,,C,,,,1,,,N,,,,N,,,,,,N,,,,,,,,,,S,1,1,,,S,1,,1,,,,S,1,,,,,S,1,,,,,N,,,,,,N,,,,,,,N,,1,1,,1,,1,,1,,2,B,2,1,,1,,,,,,,,,
241,S,SP,B,,B,,,,1,,,S,,1,,S,1,,,,,S,,1,,,,,,,,N,,,,,,,,,,,,S,1,,,,,N,,,,,,S,1,,,,,N,,,,,,,N,,1,1,1,1,,1,,,,1,B,2,1,,,,,,,,,,,
246,S,MS,A,N,C,,,,1,,,N,,,,N,,,,,,N,,,,,,,,,,N,,,,,,,,,,,,S,1,,,,,N,,,,,,S,1,,,,,N,,,,,,,N,,,1,,1,,1,1,,,3,A,4,,,,,,,,,1,,,
247,S,SP,B,,B,,,,1,,,N,,,,N,,,,,,N,,,,,,,,,,N,,,,,,,,,,,,N,,,,,,N,,,,,,N,,,,,,N,,,,,,,N,,1,,,1,,1,,,,2,B,2,1,,,,1,,,,,,,
253,S,SP,A,N,C,,,,1,,,S,,,,N,,,,,,N,,,,,,,,,,N,,,,,,,,,,,,S,1,,1,,,N,,,,,,S,1,,,,,N,,,,,,,N,,,,,1,,1,,,,3,A,0,1,,,,,,,,,,,
257,S,PE,F,S,C,,,,1,,,S,,,,N,,,,,,S,1,,,,,,,,,N,,,,,,,,,,,,S,1,,,,,N,,,,,,N,,,,,,N,,,,,,,N,,,1,1,1,1,1,,,,3,A,1,1,,,,,,,,,,,
260,S,RJ,D,N,A,,,,1,,,U,,,,N,,,,,,N,,,,,,,,,,N,,,,,,,,,,,,N,,,,,,N,,,,,,N,,,,,,N,,,,,,,N,,,,,1,,1,,,,3,A,0,1,,,,,,,,,,,
261,S,SP,B,,D,,,,1,,1,S,1,1,,N,,,,,,S,,,,,,,,1,1,S,1,,,,S,,,1,,1,,S,1,,1,,,S,,1,,,1,N,,,,,,S,,1,1,,,,N,,,1,1,1,1,1,1,,,2,A,2,,,,,,1,,,,,,
262,S,SP,B,,A,,,,1,,,U,,,,N,,,,,,N,,,,,,,,,,N,,,,,,,,,,,,N,,,,,,N,,,,,,S,1,,,,,N,,,,,,,N,,1,1,1,1,,1,,,,3,A,2,,,1,,1,,,,,,,
263,S,SP,B,,B,,,,1,,,U,,,,S,1,1,,,,S,1,,,,,,,1,,N,,,,,,,,,,,,S,1,,,,,S,,1,,,,N,,,,,,N,,,,,,,N,,1,1,1,1,1,1,1,,,2,A,2,1,,,,,,,,,,,
264,S,PE,B,,A,,,,1,,,U,,,,N,,,,,,N,,,,,,,,,,S,1,,,,N,,,,,,,N,,,,,,N,,,,,,N,,,,,,N,,,,,,,N,,,1,,1,,1,,,,2,A,0,,,,,,,,,,,1,
267,S,RJ,A,N,D,,,,1,,1,S,,,1,N,,,,,,N,,,,,,,,,,S,1,,,,S,,,1,,,,S,1,,,,,S,,1,,,,S,1,,,,,S,,1,,,,,N,,,1,1,1,1,1,1,,1,2,A,2,1,,,,,1,,,,,,
268,S,RS,B,,D,,1,,1,,,S,1,,,N,,,,,,S,1,,,,,,,,,N,,,,,,,,,,,,S,,,1,,,N,,,,,,S,1,,,,,S,,,,,,1,N,,,1,1,1,1,1,,,,0,B,2,,,,,,,,,,,,1
271,S,SP,B,,D,,1,,1,,,S,1,,,N,,,,,,S,1,,,,,,,,,S,,1,,,N,,,,,,,S,1,1,1,,,S,1,1,,,,S,1,,,1,,N,,,,,,,N,,1,1,,1,,1,,1,,2,B,1,1,,1,,,,,1,,,,
272,S,MG,B,,C,,,,1,,,N,,,,N,,,,,,N,,,,,,,,,,N,,,,,,,,,,,,S,1,,,,,S,1,1,,,,S,1,,1,1,,N,,,,,,,N,,,1,1,1,1,1,1,,,2,A,3,1,,,,,,,,,,,
273,S,MG,A,N,D,,,,1,,,N,,,,N,,,,,,N,,,,,,,,,,S,,1,1,,N,,,,,,,S,,,1,,,N,,,,,,S,1,,,,,N,,,,,,,N,,,,1,1,1,1,,,,2,A,4,,,,,,,,,,,,1
274,S,MG,A,N,A,,,,1,,,U,,,,N,,,,,,N,,,,,,,,,,N,,,,,,,,,,,,S,1,1,1,,,N,,,,,,S,1,,,,,N,,,,,,,N,,,,,1,,1,,,,3,A,2,,,1,1,1,,,,,,,
277,S,SP,E,S,C,,,,1,,1,N,,,,N,,,,,,N,,,,,,,,,,N,,,,,,,,,,,,N,,,,,,N,,,,,,S,1,,,,,N,,,,,,,N,,,1,1,1,1,1,,,,1,B,3,1,,,1,,,,,,,1,
279,S,PR,A,N,D,,,,1,,,N,,,,N,,,,,,N,,,,,,,,,,N,,,,,,,,,,,,S,1,,,,,N,,,,,,S,1,,,,,N,,,,,,,N,,,1,1,1,,1,1,,,2,B,2,1,,,,,,,,,,,
280,S,SP,B,,C,,,,1,,,S,,1,,N,,,,,,N,,,,,,,,,,N,,,,,,,,,,,,S,1,,1,,,S,,1,,,,S,1,,,,,N,,,,,,,N,,1,,,1,,1,1,,,1,A,2,,,,,,,,,,,,1
282,S,MG,F,S,D,1,,1,1,,,S,1,,,S,,1,,,,S,1,,,,,,,,,S,,,1,,S,1,,1,,1,,S,1,,1,,,S,,1,,,,N,,,,,,N,,,,,,,N,,1,1,1,1,1,1,,,,2,A,2,1,,,,1,,,1,,,,
283,S,SP,E,S,C,,,,1,,,N,,,,N,,,,,,N,,,,,,,,,,N,,,,,,,,,,,,N,,,,,,N,,,,,,S,1,,,,1,N,,,,,,,N,,1,1,1,1,1,1,,,,2,A,2,1,,1,,,,,,,,1,
285,S,PB,B,,D,,,,1,,1,S,1,,,N,,,,,,S,1,,,,,,,,,N,,,,,,,,,,,,S,1,,,,,S,,1,,,,S,1,,1,,,N,,,,,,,N,,,1,1,1,1,1,,,,2,A,2,1,,,,,,,,,,,
287,S,SP,B,,D,1,1,,1,,,S,,,1,S,1,1,,,1,S,1,,,,,,,1,,S,1,,,,S,1,,1,,,,S,1,,1,,,S,,1,,,,S,1,,,,,N,,,,,,,N,,,1,,1,,1,,1,,2,A,3,1,,,,,1,,,,,,
288,S,RJ,B,,C,,,,1,,,U,,,,N,,,,,,S,1,,,,,,,,,N,,,,,,,,,,,,S,1,,,,,S,1,,,,,N,,,,,,N,,,,,,,N,,1,1,,1,,1,1,,,2,A,2,1,,,,,,,,,,,
289,S,SP,B,,C,1,,,1,,,S,,1,,N,,,,,,S,1,,,,,,,,,N,,,,,,,,,,,,S,1,,1,,,S,,1,,,,N,,,,,,S,,,,1,,,N,,,1,1,1,,1,,,,2,A,2,1,,,,,,,,,,1,
291,S,SP,A,N,B,,,,1,,,N,,,,N,,,,,,N,,,,,,,,,,S,1,1,1,,N,,,,,,,S,1,,,,,S,1,,,,,S,1,,,,,N,,,,,,,N,,1,1,1,1,1,1,,,,1,A,2,1,,,,,,,,,,,
293,S,RJ,E,S,C,,,,1,,,U,,,,N,,,,,,N,,,,,,,,,,N,,,,,,,,,,,,S,1,,1,,,S,,1,,,,S,,,1,,,N,,,,,,,N,,1,1,,1,,1,,,,2,A,2,1,,,,,,,,,,,
296,S,SP,B,,D,,,1,1,,,U,,,,S,,1,,,1,N,,,,,,,,,,N,,,,,,,,,,,,S,1,,,,,S,1,1,1,,,N,,,,,,S,,1,,1,1,,N,,,1,1,1,1,1,1,,,1,A,2,1,,,,,,,,,,,
299,S,RJ,B,,D,,,,1,,1,N,,,,N,,,,,,N,,,,,,,,,,N,,,,,,,,,,,,S,1,,,,,N,,,,,,N,,,,,,N,,,,,,,N,,,1,1,1,,1,1,,,2,B,4,1,,,,,,,,,,,
300,S,SP,B,,D,,,,1,,,U,,,,N,,,,,,N,,,,,,,,,,N,,,,,,,,,,,,N,,,,,,N,,,,,,N,,,,,,N,,,,,,,N,,,,,1,1,1,,,,2,A,1,1,,,,,,,,,,,
301,S,SP,E,S,D,,,,1,,,U,,,,N,,,,,,N,,,,,,,,,,N,,,,,,,,,,,,N,,,,,,N,,,,,,N,,,,,,N,,,,,,,N,,,,,1,,1,1,,,3,B,1,1,,,,,,,,,,,
304,S,SP,B,,D,,1,,1,,1,S,1,1,,S,1,1,,,,S,1,,,1,,,,,1,S,1,1,,,S,,,,,1,,S,1,,,,,S,,1,1,,,S,1,,,,,S,,1,,1,,,S,A,1,1,,1,1,1,1,,,2,A,4,1,,,,,,,,,,,
305,S,SP,B,,D,1,1,,1,,,S,1,,,S,1,1,,,,S,1,,,,,,1,1,,S,1,1,1,,S,,,1,,,,S,1,,,,,S,,1,1,,,S,1,,,1,,S,,1,,1,,,S,A,1,1,1,1,1,1,,1,,2,A,3,1,,,,,1,,,,,,
306,S,SP,F,N,C,,,,1,,,N,,,,N,,,,,,N,,,,,,,,,,N,,,,,,,,,,,,N,,,,,,N,,,,,,N,,,,,,N,,,,,,,N,,,1,1,1,1,1,,,,2,A,2,,,,,,,,,,,,1
309,S,MG,B,,D,1,,,1,,,U,,,,N,,,,,,N,,,,,,,,,,N,,,,,,,,,,,,N,,,,,,N,,,,,,S,1,,1,,,N,,,,,,,N,,1,1,1,1,1,1,,1,,2,A,4,1,,1,,,,,,,,1,
314,S,DF,B,,D,,,,1,,1,S,,,1,N,,,,,,S,,,1,,,,,1,1,S,1,,,,N,,,,,,,S,1,,1,,,S,,1,,,,S,1,,,,,S,,,,,,1,N,,,1,1,1,1,1,,1,,3,A,2,,1,,,,,,,,,,
317,S,MG,B,,D,,,,1,,,N,,,,N,,,,,,N,,,,,,,,,,N,,,,,,,,,,,,N,,,,,,N,,,,,,N,,,,,,N,,,,,,,N,,,,,1,,1,,,,3,B,2,,,1,,,,,,,,,
318,S,SP,B,,C,,,,1,,,N,,,,S,1,1,1,,,S,1,,,,,,,,,S,1,,,,S,1,,,,1,,S,1,,,,,S,1,1,,,,N,,,,,,S,,1,1,1,,,N,,1,1,1,1,1,1,,,,1,A,2,1,,,,,,,,,,,
320,S,SP,B,,D,,,,1,,,U,,,,N,,,,,,N,,,,,,,,,,S,1,,1,,N,,,,,,,S,,,,,,S,,1,,,,N,,,,,,N,,,,,,,N,,,1,1,1,,1,,,,0,B,2,1,,1,,,,,,,,,
323,S,RS,A,S,D,,,,1,,,S,1,,,S,1,,,,,S,1,,,,,,,,,S,1,,,,S,,,1,,,,S,1,,,,,N,,,,,,S,1,,,,,S,,,1,,,,S,A,1,,,1,,1,,1,,1,A,2,,,,,,,,,,,,1
326,S,SP,B,,B,,,,1,,,U,,,,N,,,,,,N,,,,,,,,,,S,1,,1,,N,,,,,,,N,,,,,,N,,,,,,N,,,,,,N,,,,,,,N,,,1,1,1,1,1,,,,3,B,2,1,,,,,,,,,,,
327,S,RJ,F,N,A,,,,,,,N,,,,N,,,,,,N,,,,,,,,,,N,,,,,,,,,,,,S,1,1,1,,,N,,,,,,N,,,,,,N,,,,,,,N,,,,,1,,1,,,,3,,0,,,,1,,,,,,,,
332,N,,B,,D,1,,,1,,,S,,1,,S,1,1,,,,S,1,,,,,,,,,S,,1,,,S,,,1,,,,S,1,,,,,S,1,1,,,,S,1,,1,,,S,,,,,1,,N,,1,1,1,1,,1,,,,2,B,4,1,,,,1,,,,,,,
337,S,SP,B,,A,,,,1,,,U,,,,N,,,,,,N,,,,,,,,,,N,,,,,,,,,,,,N,,,,,,N,,,,,,S,1,,,,,N,,,,,,,N,,,,,1,,1,,,,3,A,2,1,,,,,,,,,,,
340,S,BA,B,,B,,,,1,,,N,,,,S,1,,,,,N,,,,,,,,,,N,,,,,,,,,,,,S,,,1,,,S,1,,,,,S,1,,,,,N,,,,,,,N,,1,1,1,1,,1,,,,1,B,2,1,,1,1,1,,,,,,,
345,S,PR,B,,D,,,,1,,,S,1,,,N,,,,,,S,1,,,,,,,,,N,,,,,,,,,,,,S,1,,,,,S,,1,,,,S,1,,,,,S,,1,,,,,N,,1,1,1,1,1,1,1,,,1,A,2,,,,,,1,,,,,,
346,S,CE,B,,D,,,,1,,,U,,,,N,,,,,,N,,,,,,,,,,N,,,,,,,,,,,,N,,,,,,S,1,1,1,1,,S,,,1,1,,N,,,,,,,N,,1,1,1,1,1,1,,,,2,B,1,,,1,,,,,,,,,
348,S,BA,B,,D,,,,1,,,S,,1,,N,,,,,,S,1,,,,,,,,,S,,,1,,N,,,,,,,N,,,,,,N,,,,,,N,,,,,,N,,,,,,,N,,,,,1,,1,,,,2,B,2,,,,,1,,,,,,,
353,S,SP,A,N,B,1,,,1,1,,S,1,,,S,,,,,,S,,,,,,,,,,S,,,,,S,,,,,,,S,,,,,,S,,,,,,S,1,,,1,,S,,1,1,,,,S,E,1,1,1,1,1,1,1,1,,2,A,2,1,,,1,,,,,,,,
356,S,SP,B,,B,1,,,1,,,N,,,,N,,,,,,N,,,,,,,,,,N,,,,,,,,,,,,S,1,,,,,N,,,,,,N,,,,,,S,,1,,,,,N,,,,,1,,1,,1,,1,A,2,1,,,,,,,,,,,
360,S,AM,E,S,C,,,,1,,,U,,,,N,,,,,,N,,,,,,,,,,N,,,,,,,,,,,,S,,,1,,,S,1,1,,,,N,,,,,,N,,,,,,,N,,,1,,1,,1,1,,,2,A,1,1,,,,,,,,,,,
361,S,PR,B,,D,,1,,1,,,S,1,,,S,1,,,,,S,1,,,,,,,,,N,,,,,,,,,,,,S,1,,1,,,S,1,1,,,,S,1,,1,,,N,,,,,,,N,,1,1,1,1,1,1,,,,2,A,3,1,,1,,,,,,,,,
363,S,SP,E,S,D,,,,1,,,N,,,,N,,,,,,N,,,,,,,,,,N,,,,,,,,,,,,N,,,,,,N,,,,,,N,,,,,,N,,,,,,,N,,1,1,1,1,1,1,,,,2,A,2,,,,,,,,,,,,1
366,S,ES,A,S,B,,,,1,,,N,,,,N,,,,,,N,,,,,,,,,,S,1,1,1,,S,,,1,,,,S,1,,,,1,S,1,1,,,,N,,,,,,N,,,,,,,N,,,1,1,1,1,1,,,,2,A,2,,,,1,,,,,,,,
367,S,SP,D,S,A,,,,1,,,U,,,,N,,,,,,N,,,,,,,,,,N,,,,,,,,,,,,S,1,,,,,N,,,,,,S,,,,,1,N,,,,,,,N,,1,1,1,1,,1,1,,,1,A,2,,,,,,,,,,,1,
369,S,SP,B,,B,,,,1,,,S,1,,,S,1,,,,,S,1,,,,,,,,,S,,1,,,N,,,,,,,S,1,,,,,S,,1,,,,S,1,,,,,N,,,,,,,N,,1,1,,1,,1,,,,2,A,0,1,,,,,,,,,,,
371,S,RJ,B,,D,,,,1,,,U,,,,N,,,,,,S,,,,,,,,,1,S,,1,,,S,,,,,,1,N,,,,,,N,,,,,,S,1,,,,,N,,,,,,,N,,,,,1,1,1,,,,2,A,1,,,,,1,,,,,,,
372,S,TO,D,S,B,1,,,1,,,U,,,,N,,,,,,N,,,,,,,,,,N,,,,,,,,,,,,S,1,,,,,N,,,,,,S,1,,,,,N,,,,,,,N,,,,,1,,1,1,,,2,A,1,1,,,,,,,,,,,
373,S,RJ,E,S,C,1,,,1,,,N,,,,N,,,,,,N,,,,,,,,,,S,,,1,,N,,,,,,,S,,1,,,,S,1,1,,,,N,,,,,,N,,,,,,,N,,,1,1,1,,1,,,,3,A,2,1,,,,,,,,,,,
374,S,RJ,B,,B,,1,,1,,,U,,,,N,,,,,,N,,,,,,,,,,N,,,,,,,,,,,,S,1,,1,,,N,,,,,,S,1,1,1,1,,N,,,,,,,N,,1,1,1,1,,1,1,1,,3,A,1,1,1,,,,,,,,,,
375,S,SC,B,,C,,,,1,,,U,,,,S,,1,,,,S,1,,,,,,,,,N,,,,,,,,,,,,S,,,,,1,S,1,,,,,N,,,,,,N,,,,,,,N,,,1,1,1,1,1,,,,2,B,2,,,1,,,,,,1,,,
377,S,SP,F,N,D,,,,1,,,U,,,,N,,,,,,N,,,,,,,,,,N,,,,,,,,,,,,S,1,,,,,S,1,,,,,S,1,,,,,S,,,,,1,,S,E,1,1,1,1,1,1,1,,,3,A,2,1,,,,,,,,,,,
382,S,SP,B,,C,,,,1,,,N,,,,N,,,,,,N,,,,,,,,,,S,1,,,,N,,,,,,,S,1,,,,,N,,,,,,S,1,,,,,N,,,,,,,N,,1,1,1,1,,1,,,,1,A,0,1,,,,,,,,,,,
383,S,RN,A,N,D,,,,1,,1,S,,1,,N,,,,,,N,,,,,,,,,,N,,,,,,,,,,,,N,,,,,,S,,1,,,,S,1,,,,,N,,,,,,,N,,1,1,,1,,1,,,,3,A,2,1,,1,,,,,,,,,
385,S,RJ,D,S,D,,,,1,,,N,,,,N,,,,,,N,,,,,,,,,,N,,,,,,,,,,,,N,,,,,,N,,,,,,N,,,,,,N,,,,,,,N,,,,,,1,1,,,,2,B,2,,,,,1,,,,,,,
388,S,RJ,E,S,D,,,,1,,,N,,,,N,,,,,,S,1,,,,,,,,,N,,,,,,,,,,,,S,1,,,,,S,,1,,,,N,,,,,,N,,,,,,,N,,,1,1,1,1,1,,,,2,B,1,1,,1,,,,,,,,,1
391,S,SP,A,N,A,,,,1,,,N,,,,N,,,,,,N,,,,,,,,,,N,,,,,,,,,,,,N,,,,,,N,,,,,,S,1,,,,,N,,,,,,,N,,,1,,1,,1,,,,3,A,1,,,1,,,,,,,,,
394,S,MG,B,,D,,,,1,,,U,,,,N,,,,,,S,1,,,,,,,,,N,,,,,,,,,,,,S,1,,,,,S,,1,,,,S,1,,,,,N,,,,,,,N,,,,,1,,1,,,,3,A,2,1,,,,,,,,,,,
395,S,PB,B,,D,,1,,1,,,S,1,,,S,1,1,,,,S,1,,,,,,,,,S,1,,,,S,,,1,,,,S,1,,,,,S,1,1,,,,N,,,,,,S,,,,,,1,N,,1,1,1,1,,1,,,,2,A,2,1,1,,,,,,,,,,
396,S,PR,B,,D,,,,1,,,N,,,,N,,,,,,N,,,,,,,,,,S,,1,1,,N,,,,,,,S,1,,,,,N,,,,,,S,1,,,,,N,,,,,,,N,,,,,1,1,1,,,,2,A,2,,,,,1,,,,,,,
398,S,SP,B,,C,1,,,1,,,U,,,,N,,,,,,N,,,,,,,,,,S,1,,,,S,,1,1,,,,S,1,,,,,S,,1,,,,S,1,,,,,N,,,,,,,N,,,1,1,1,1,1,1,,,2,A,1,1,,,,,,,,,,,
399,S,TO,A,N,B,,,,1,,,U,,,,N,,,,,,N,,,,,,,,,,N,,,,,,,,,,,,N,,,,,,N,,,,,,S,1,,,,,N,,,,,,,N,,,,,1,,1,,,,3,A,0,,,,1,,,,,,,,
401,S,SC,B,,D,1,,,1,,,N,,,,S,1,1,,,,S,1,,,1,,,,,,S,,,1,,S,,,,,1,,S,1,1,,,,S,1,1,1,,,S,1,,1,1,,S,,,1,,,,N,,1,1,1,1,1,1,1,1,,2,A,2,1,,,,,,,,,,,
407,S,SP,B,,D,,,,1,,,N,,,,S,1,1,,,,S,1,,,,,,,,,N,,,,,,,,,,,,S,1,,,,,S,,1,,1,,S,1,,,1,,N,,,,,,,N,,1,1,1,1,,1,1,,,3,A,2,1,,,,,,,,,,,
409,S,SP,B,,C,,,,1,,,U,,,,N,,,,,,N,,,,,,,,,,N,,,,,,,,,,,,S,,,1,,,N,,,,,,S,1,,1,,,N,,,,,,,N,,1,1,1,1,,1,,,,2,A,3,1,,1,1,,,,,,,,
410,S,RN,B,,D,1,1,1,1,,,S,1,,,S,1,1,,,,S,1,,,1,,,,,,S,1,,1,,S,,,1,,1,,S,1,,,,,S,1,1,1,,,S,1,,1,1,,N,,,,,,,N,,1,1,1,1,1,1,1,,,2,A,2,1,,,,,1,,,,,,
413,S,SP,E,S,D,,,,1,,,N,,,,N,,,,,,N,,,,,,,,,,N,,,,,,,,,,,,N,,,,,,N,,,,,,N,,,,,,N,,,,,,,N,,,,,1,,1,,,,2,B,2,,,,,1,,,,,,,
414,S,SC,A,N,D,1,,,1,,,S,1,,,S,1,,,,,S,1,,,,,,,,,N,,,,,,,,,,,,S,1,,,,,S,1,1,,,,S,1,,,,,S,,,,,1,,N,,,1,1,1,1,1,,,,3,B,2,1,,,,,,,,1,,,
419,S,AL,B,,B,,,1,1,,,U,,,,S,1,,,,,S,1,,,,,,,,,N,,,,,,,,,,,,S,1,,,,,S,,1,,,,S,1,,,,,S,,1,,,,,N,,1,1,1,1,1,1,,,,2,A,2,1,,,,,,,,,,,1
424,S,SC,B,,D,,,,1,,,U,,,,N,,,,,,N,,,,,,,,,,N,,,,,,,,,,,,S,1,,,,,N,,,,,,S,1,,,,,N,,,,,,,N,,,1,,1,,1,,,,1,A,2,1,,,,,,,,,,,
428,S,SP,B,,C,,1,,1,,,S,1,,,S,1,1,,,,S,1,,,,,,,,,N,,,,,,,,,,,,S,1,,1,,,S,,1,,,,N,,,,,,S,,,,,,1,N,,,1,1,1,,1,1,,,2,A,2,1,,,,,,,,,,,
429,S,RJ,B,,C,,,,1,,,N,,,,N,,,,,,N,,,,,,,,,,N,,,,,,,,,,,,N,,,,,,S,1,,,,,S,,,,1,,N,,,,,,,N,,1,1,,1,,1,,1,,0,A,1,1,,,,1,,,,,,,
432,S,SP,B,,C,,,,1,,,N,,,,N,,,,,,N,,,,,,,,,,N,,,,,,,,,,,,S,1,,,,,N,,,,,,N,,,,,,S,,1,,,,,N,,1,1,1,1,,1,,,,2,A,4,1,,,,,1,,,,,,
433,S,ES,B,,D,1,1,1,1,,1,S,1,1,,S,1,1,,,,S,1,,,,,,1,1,,S,1,,,,S,1,,1,,1,,S,1,,,,,S,1,1,,,,S,1,,1,1,,N,,,,,,,N,,1,1,1,1,1,1,1,,,3,A,3,1,,,,,1,,,,,,
434,S,RJ,B,,B,,,,,,,N,,,,N,,,,,,N,,,,,,,,,,N,,,,,,,,,,,,N,,,,,,N,,,,,,S,,,,1,,N,,,,,,,N,,,,,1,,1,,,,0,A,1,1,,,,1,,,,,,,
436,S,BA,A,N,A,1,,,1,,,N,,,,N,,,,,,N,,,,,,,,,,S,1,,1,,S,,1,,,,,S,1,,1,,,S,1,,,,,S,1,,,,1,N,,,,,,,N,,1,1,1,1,1,1,,1,,1,A,2,,1,,,,,,,,,,
443,S,RJ,B,,C,1,1,1,1,,1,S,,1,,S,1,1,,1,,S,1,,,,,,,,1,N,,,,,,,,,,,,S,1,,,,,S,1,1,1,1,,S,,,1,,1,S,,,1,1,1,1,N,,1,1,1,1,1,1,,1,,3,A,2,1,,,,,,,,,,,
444,S,SC,B,,B,,,,1,,,N,,,,S,1,,,,,N,,,,,,,,,,N,,,,,,,,,,,,S,1,,1,,,S,,1,,,,S,1,,,,1,N,,,,,,,N,,,,1,1,1,1,1,1,,2,A,2,1,,,,,,,,,,,
446,S,SP,B,,D,,,,1,,,N,,,,N,,,,,,N,,,,,,,,,,N,,,,,,,,,,,,N,,,,,,S,1,,,,,N,,,,,,N,,,,,,,N,,,1,,1,,1,,,,2,B,2,1,,,,,,,,,,,
447,S,ES,E,S,D,,,,1,,,N,,,,N,,,,,,N,,,,,,,,,,S,,,1,,N,,,,,,,N,,,,,,N,,,,,,N,,,,,,N,,,,,,,N,,,,1,1,1,1,,,,2,A,1,,,1,,1,,,1,,,,
449,S,CE,B,,D,1,,,1,1,,S,,1,,S,1,1,,,,S,1,,,,,,,,,S,1,,,,S,,,1,,,,S,1,,,,,S,1,1,,,,S,1,,1,,,S,,1,,1,1,,N,,1,1,1,1,1,1,,,,2,A,2,1,,,,,,,,,,,
450,S,SP,A,N,C,,,,1,,,N,,,,N,,,,,,N,,,,,,,,,,N,,,,,,,,,,,,S,1,,,,,N,,,,,,S,1,,,1,,S,1,,,1,,,N,,,,,1,,1,1,,,3,A,2,1,,,,,1,,,,,,
451,S,SP,B,,C,1,,,1,,,S,1,,,N,,,,,,N,,,,,,,,,,N,,,,,,,,,,,,S,1,,,,,S,1,,,,,S,1,,,,,N,,,,,,,N,,,1,1,,,1,1,,,2,A,2,1,,,,,,,,,,,
453,S,SC,A,S,D,,1,,1,,,S,,1,,S,,1,,,,N,,,,,,,,,,N,,,,,,,,,,,,S,1,,,,,S,1,,,,,S,1,,,,,N,,,,,,,N,,1,1,1,1,1,1,,,,2,A,2,1,,,,,,,,,,,
454,S,SP,B,,C,,,,1,,,U,,,,N,,,,,,S,1,,,,,,,,,N,,,,,,,,,,,,S,1,1,1,,,S,,1,,,,S,,,,,1,N,,,,,,,N,,1,1,1,1,1,1,,,,2,B,2,1,,1,,,,,,,,,
458,S,AL,E,S,B,,,,1,,,U,,,,N,,,,,,N,,,,,,,,,,N,,,,,,,,,,,,S,1,,,,,N,,,,,,N,,,,,,N,,,,,,,N,,,,,1,,,,,,3,A,2,,,,,,,,,,,1,
464,S,AL,F,S,D,,1,,1,,,S,,1,,S,,1,,,,S,1,,,,,,,,,N,,,,,,,,,,,,S,1,,,,,S,1,,,,,N,,,,,,S,,1,,,,,N,,,1,1,1,1,,,,,3,A,1,,1,,,,,,,,,,
465,S,RJ,F,S,C,,,,1,,,N,,,,N,,,,,,S,,,,,,,,1,1,N,,,,,,,,,,,,S,1,,,,,S,,1,,,,S,,,,,1,N,,,,,,,N,,1,1,1,1,1,1,,,,3,B,2,1,,1,,,1,,,,,,1
470,S,MG,A,N,A,,,,1,,,N,,,,N,,,,,,N,,,,,,,,,,N,,,,,,,,,,,,N,,,,,,N,,,,,,S,1,,,,,N,,,,,,,N,,,,,1,,1,,,,2,A,2,1,,1,,,,,,,,,
471,S,RJ,B,,A,,,,,,,U,,,,N,,,,,,N,,,,,,,,,,N,,,,,,,,,,,,N,,,,,,N,,,,,,N,,,,,,N,,,,,,,N,,1,1,1,1,,1,,,,3,B,2,1,,,,,,,,,,,
473,S,PE,B,,B,,,,1,,,U,,,,N,,,,,,N,,,,,,,,,,S,1,,,,N,,,,,,,S,1,,,,,N,,,,,,S,1,,1,,,N,,,,,,,N,,,,,1,,1,,,,2,A,0,1,,,,1,,,,,,,
476,S,RJ,A,S,D,1,,,1,1,,S,1,,,S,1,1,,,,S,1,,,,,1,,,,S,1,,,,S,1,,1,,,,S,1,,,,,S,1,,,,,S,1,,,,,S,,1,,,1,,S,A,1,1,1,1,1,1,1,,,2,A,2,1,1,,1,,,,,,,,
478,S,PE,B,,A,,,,1,,,N,,,,S,1,,,,,N,,,,,,,,,,N,,,,,,,,,,,,S,1,,,,,S,1,1,,,,S,1,,1,,,N,,,,,,,N,,1,1,1,1,1,1,1,,,2,A,2,1,,,,,,,,,,,
481,S,SP,B,,D,,,,1,,,N,,,,N,,,,,,N,,,,,,,,,,N,,,,,,,,,,,,N,,,,,,S,1,1,,,,S,,,1,1,,N,,,,,,,N,,1,1,1,1,1,1,,,,2,A,2,1,,,,1,,,,,,,
482,S,RJ,A,N,D,,,,1,,,U,,,,N,,,,,,N,,,,,,,,,,N,,,,,,,,,,,,S,1,,,,,S,1,,,,,N,,,,,,N,,,,,,,N,,1,1,,1,,1,,,,1,A,1,,,,1,,,,,,,,
484,S,BA,B,,D,1,,,1,,1,S,1,,,S,1,,,,,S,1,,,,,,,,,S,1,1,1,,S,1,1,1,,,,S,1,,,,,S,1,1,,,,S,1,1,,,,S,,1,,1,1,,N,,1,1,1,1,1,1,1,,,2,A,2,1,,,,,1,,,,,,
485,S,PE,B,,D,,,,1,,,U,,,,N,,,,,,N,,,,,,,,,,S,,,1,,N,,,,,,,S,1,,,,,N,,,,,,S,1,,,,,N,,,,,,,N,,1,1,1,1,1,1,,,,2,B,2,1,,,,,,,,,,,
486,S,SP,E,S,B,1,,,1,,,S,,1,,N,,,,,,N,,,,,,,,,,N,,,,,,,,,,,,S,1,,,,,N,,,,,,S,1,,1,,,N,,,,,,,N,,,1,,1,1,1,1,,,2,A,2,1,,1,,1,,,,,,,
487,S,SP,B,,D,1,,,1,,,S,,1,,S,,1,,,,S,1,,1,,,,,,,N,,,,,,,,,,,,S,1,,1,,,S,1,,,,,S,1,,1,,1,N,,,,,,,N,,,1,1,1,1,1,1,,,2,A,2,1,,1,,,,,,1,,,1
489,N,,B,,D,,1,,1,,,S,1,,,S,1,1,,,,S,1,,,,,,,,,N,,,,,,,,,,,,S,1,,1,,,S,,1,,,,S,1,,1,1,,S,,1,1,,,,N,,1,1,1,1,1,1,1,,,2,A,2,1,1,,,,,,,,,,
491,S,SP,B,,A,,,,1,,,N,,,,N,,,,,,N,,,,,,,,,,N,,,,,,,,,,,,N,,,,,,S,1,,,,,N,,,,,,N,,,,,,,N,,,1,1,1,,1,,,,2,B,2,1,,,,,,,,,,,
492,S,SP,B,,C,1,,,1,,,N,,,,S,1,1,,,,S,1,,,,,,,,,N,,,,,,,,,,,,S,1,,,,,S,1,1,,,,S,1,,1,,,S,,1,,,,,N,,,1,1,1,,1,,,,2,A,2,1,,,,,,,1,,,,
495,S,RS,B,,D,1,,,1,,,N,,,,S,1,1,,,,S,1,,,,,,,,,N,,,,,,,,,,,,S,1,,,,,S,1,1,1,,,N,,,,,,S,,,,1,,1,S,A,,1,1,1,1,1,,,,3,A,2,1,,1,,,,,,,,,
496,S,SC,B,,D,1,,,1,,,S,1,,,S,,1,,,,S,1,,,,,,,1,,N,,,,,,,,,,,,S,1,,,,,S,,1,,,,N,,,,,,N,,,,,,,N,,,1,1,1,1,1,1,,,2,A,2,1,,,,,1,,,,,,
499,S,SP,B,,D,,,,1,,,N,,,,N,,,,,,N,,,,,,,,,,S,,,1,,N,,,,,,,N,,,,,,N,,,,,,N,,,,,,N,,,,,,,N,,,1,1,1,1,1,,,,2,B,1,1,,,,1,,,,,,,
502,S,SP,B,,D,,,,1,,,N,,,,N,,,,,,N,,,,,,,,,,N,,,,,,,,,,,,N,,,,,,N,,,,,,S,1,,1,,,N,,,,,,,N,,,,,1,1,1,,,,2,A,3,1,,,,,,,,,,,
503,S,SP,B,,C,1,,,1,,,U,,,,N,,,,,,S,1,,,,,,1,1,,S,,,1,,N,,,,,,,S,1,,,,,S,1,1,1,,,S,1,,1,,,S,,1,,,,,S,A,,1,1,1,1,1,1,,,1,A,2,1,,,,,,,,,,,
504,S,SP,B,,B,,,,1,,,N,,,,N,,,,,,N,,,,,,,,,,S,,,1,,N,,,,,,,S,,,,,1,S,1,1,,,,N,,,,,,N,,,,,,,N,,,1,1,1,1,1,,,,2,A,3,1,,,,,,,,,,,
505,S,SC,A,N,D,1,,,,,,S,,1,,S,1,1,,,,S,1,,,,,,,1,,N,,,,,,,,,,,,S,1,,1,,,N,,,,,,S,1,,,,,N,,,,,,,N,,,1,1,1,1,1,,,,3,A,2,1,,1,,,,,,,,,
506,S,SP,E,S,B,,,,1,,,U,,,,N,,,,,,N,,,,,,,,,,N,,,,,,,,,,,,S,1,,,,,N,,,,,,N,,,,,,N,,,,,,,N,,,,1,1,,1,,,,1,B,2,,,,,1,,,,,,,
508,S,SP,B,,D,1,,,1,,,S,1,1,,S,1,1,,,,S,1,,,,,,1,,,N,,,,,,,,,,,,S,1,,1,,,S,1,1,,,,S,1,,1,1,,S,,1,,,,,N,,1,1,1,1,1,1,1,,,2,A,2,1,,,,,,,,,,,
510,S,ES,B,,D,,,,1,,,N,,,,N,,,,,,N,,,,,,,,,,N,,,,,,,,,,,,N,,,,,,N,,,,,,N,,,,,,N,,,,,,,N,,,,,1,,1,,,,2,B,2,1,,,,,,,,,,,
512,S,SP,B,,D,1,1,,1,,,N,,,,S,,1,,,,S,1,,,,,,1,,,S,1,1,1,,S,,,1,,,,S,1,,,,,S,1,1,,,,S,1,,1,1,,S,,,,,1,,N,,,1,1,1,1,1,,1,,2,A,3,1,,,,,1,,,,,,
513,S,SP,B,,D,,,,1,,,N,,,,S,1,,,,,S,1,,,,,,,,,N,,,,,,,,,,,,S,1,,,,,S,,1,,,,S,1,,,1,,N,,,,,,,N,,,1,1,1,1,1,,,,2,B,2,1,,,,,,,,,,,
515,S,SC,E,S,D,,,,1,,,U,,,,N,,,,,,N,,,,,,,,,,N,,,,,,,,,,,,N,,,,,,S,1,,,,,S,1,,1,1,,N,,,,,,,N,,,1,1,1,1,1,,,,2,A,2,1,,,,,,,,,,,
516,S,PE,B,,D,,,,1,,,N,,,,N,,,,,,N,,,,,,,,,,N,,,,,,,,,,,,N,,,,,,N,,,,,,N,,,,,,N,,,,,,,N,,,,,1,,1,,,,2,B,0,1,,,,1,,,,,,,
517,S,SP,B,,C,,,,1,,,U,,,,N,,,,,,S,,,,,,,,,1,S,,1,,,N,,,,,,,N,,,,,,N,,,,,,S,1,,,,,N,,,,,,,N,,,,,1,1,1,,,,1,B,2,1,,,,,,,,,,,
531,S,SP,E,S,D,,1,,1,,,S,1,,,N,,,,,,N,,,,,,,,,,S,1,1,1,,N,,,,,,,S,1,,,,,S,1,1,,,,N,,,,,,N,,,,,,,N,,1,1,1,1,1,1,,,,2,A,2,1,,,,,,,,,,,
535,S,SP,E,S,D,,,,1,,,N,,,,N,,,,,,N,,,,,,,,,,N,,,,,,,,,,,,N,,,,,,N,,,,,,S,1,,,,,N,,,,,,,N,,,,,1,1,1,,,,3,B,3,,,,,,,,,,,,1
538,S,SP,B,,B,,,,1,,,U,,,,N,,,,,,N,,,,,,,,,,N,,,,,,,,,,,,S,1,,,,,N,,,,,,S,1,,1,,,N,,,,,,,N,,,,,1,,1,,,,2,A,4,1,,1,,,,,,,,,
540,S,SP,E,S,C,,,,1,,,N,,,,N,,,,,,S,,,,,,,,,1,N,,,,,,,,,,,,N,,,,,,N,,,,,,N,,,,,,N,,,,,,,N,,1,1,1,1,1,1,,,,1,A,2,1,,,,1,,,,,,,
541,S,SP,B,,C,,,,1,,,N,,,,N,,,,,,N,,,,,,,,,,N,,,,,,,,,,,,N,,,,,,N,,,,,,N,,,,,,N,,,,,,,N,,,,1,1,,1,,,,1,B,4,1,,,,,,,,,,,
546,S,SP,B,,C,,,,1,,,N,,,,N,,,,,,N,,,,,,,,,,N,,,,,,,,,,,,N,,,,,,S,,1,,,,N,,,,,,N,,,,,,,N,,1,1,1,1,1,1,,,,2,A,4,1,,,,,,,,,,,
548,S,SP,B,,C,,,,1,,,U,,,,N,,,,,,N,,,,,,,,,,N,,,,,,,,,,,,N,,,,,,N,,,,,,S,1,,1,,,N,,,,,,,N,,,,,1,,1,,,,1,A,2,1,,,,1,,,,,,,
550,S,DF,B,,C,,,,1,,,N,,,,N,,,,,,N,,,,,,,,,,N,,,,,,,,,,,,S,1,,,,,S,1,1,,,,S,1,,,,,N,,,,,,,N,,,,,1,,1,1,,,3,A,2,1,,,,,,,,,,,
552,N,,B,,D,,,,1,,,N,,,,S,1,,,,,N,,,,,,,,,,N,,,,,,,,,,,,S,1,,,,,S,1,1,,,,S,1,,1,1,,N,,,,,,,N,,1,1,,1,,1,,,,2,A,2,1,,,,,,,,,,1,
557,S,MG,B,,D,,,,1,,,N,,,,N,,,,,,N,,,,,,,,,,N,,,,,,,,,,,,S,1,,1,,,N,,,,,,S,1,,1,,,S,,,,,1,,N,,,1,1,1,,1,,,1,3,A,2,1,,,,1,,,,,,,
560,S,GO,B,,D,1,,,1,,1,U,,,,S,1,1,,,,S,1,,,,,,,,,N,,,,,,,,,,,,S,1,,1,,,S,1,,,,,S,1,,,,1,S,,1,,,1,,N,,,1,1,1,1,1,1,,,2,A,2,1,,,,,,,,,,,
570,S,RS,B,,D,,,,1,,,S,1,,,S,1,1,,,,S,1,,,,,,,,,N,,,,,,,,,,,,S,1,,1,,,S,1,1,,,,S,1,,,,,N,,,,,,,N,,,1,1,1,1,1,1,1,,2,B,4,1,,,,,,,,,,,
576,S,SP,B,,D,,1,,1,,,S,1,1,1,S,1,1,,,,S,1,,,,,,,,,S,1,,1,,S,1,,1,,1,,S,1,,,,,S,,1,,,,S,1,,1,1,,S,,1,,1,,1,N,,1,1,1,1,1,1,1,1,,1,A,2,1,,,,,,,,,,,
581,S,PE,B,,D,,,,1,,,S,,,1,N,,,,,,N,,,,,,,,,,N,,,,,,,,,,,,S,1,,,,,S,1,1,,1,,S,1,,,,,N,,,,,,,N,,,1,1,1,,1,,,,2,A,2,1,,,,,,,1,,,,
585,S,MS,B,,D,,,,1,,,U,,,,N,,,,,,N,,,,,,,,,,N,,,,,,,,,,,,N,,,,,,S,,1,,,,S,1,,1,,,N,,,,,,,N,,1,1,,1,,1,,,,2,A,1,1,,,,,,,,,,,
587,S,RJ,A,N,D,,,,1,,,N,,,,S,,1,,,,S,1,,,,,,,,,N,,,,,,,,,,,,S,1,,,,,N,,,,,,S,1,,,1,,S,,1,,,,,N,,,1,1,1,1,1,1,,,2,A,1,1,,,1,,,,,,,,
588,S,RJ,F,N,A,,,,1,,,N,,,,S,,1,,,,S,1,,,,,,,,,N,,,,,,,,,,,,S,1,,,,,N,,,,,,S,1,,,,,N,,,,,,,N,,1,1,1,1,1,1,1,,,2,A,2,1,,,,,,,,,,,
591,S,RJ,A,N,A,,,,1,,,N,,,,N,,,,,,N,,,,,,,,,,N,,,,,,,,,,,,S,1,,,,,N,,,,,,N,,,,,,N,,,,,,,N,,1,1,1,1,1,1,,1,,2,A,1,,,,1,,,,,,,,
595,S,BA,E,S,D,,,,1,,,U,,,,N,,,,,,N,,,,,,,,,,N,,,,,,,,,,,,S,,,,,1,N,,,,,,N,,,,,,N,,,,,,,N,,,1,1,1,1,1,,,,2,A,3,,,,1,,,,,,,,
596,S,PR,B,,D,,,,1,,,N,,,,N,,,,,,N,,,,,,,,,,N,,,,,,,,,,,,S,1,,1,,,S,,1,,,,S,1,,,,,N,,,,,,,N,,,1,,1,,1,,,,1,A,2,1,,,,,,,,,,,
597,S,SP,B,,D,,,,1,,,U,,,,N,,,,,,N,,,,,,,,,,N,,,,,,,,,,,,S,1,,,,,S,,1,1,,,S,1,,,,,N,,,,,,,N,,,,,,,1,,,,3,A,2,1,,,,,,,,,,,
600,S,RS,A,N,D,,,,1,,1,S,1,,,S,,1,,,,S,1,,,,,,,,,S,1,,,,S,1,,,1,,,S,1,,,,,S,1,,,,,S,1,,,,,N,,,,,,,N,,1,1,1,1,,1,,,,2,B,2,,,,,,,,,,1,,
602,S,SP,B,,D,,,,1,,,N,,,,N,,,,,,N,,,,,,,,,,N,,,,,,,,,,,,S,1,,,,,N,,,,,,N,,,,,,N,,,,,,,N,,,,,1,1,1,,,,3,B,2,,,,,,,,,1,,,
604,S,RS,B,,D,1,1,,1,,1,N,,,,S,1,1,,,,S,1,,1,,,,,,,N,,,,,,,,,,,,S,1,,,,,S,1,,,,,S,1,,,,,S,,,,,1,,N,,,1,1,1,1,1,,,,1,B,2,,,,,,,,,,1,,
605,S,CE,B,,C,,,,1,,,N,,,,N,,,,,,N,,,,,,,,,,S,,,1,,N,,,,,,,S,1,,,,,N,,,,,,N,,,,,,N,,,,,,,N,,,,,1,,1,1,,,1,A,2,1,,,,,,,,,,,
606,S,RJ,B,,D,1,1,,1,,,S,1,,,S,1,,,,,S,1,,,,,,1,,,S,1,1,,,S,,1,1,,,,S,1,,,,,S,,1,,,,S,1,,1,,,S,,,1,,,,S,A,,1,1,1,1,1,,1,,2,A,2,1,,,,,,,1,,,,
607,S,MG,B,,D,,1,,1,,,U,,,,S,1,1,,,,S,1,,,,,,,,,N,,,,,,,,,,,,S,1,,1,,,S,1,1,,,,S,1,,1,1,,S,,1,,,,,N,,1,1,1,1,1,1,,1,,2,A,3,1,,,,,,,,,,,
617,S,DF,B,,D,,,,1,,,N,,,,N,,,,,,N,,,,,,,,,,S,,,1,,S,,,1,,,,S,1,,,,,S,,1,,,,S,1,,,,,N,,,,,,,N,,,,,1,,1,,,,2,A,2,1,,,,,,,,,,,
618,S,MG,B,,C,,,,1,,1,N,,,,N,,,,,,N,,,,,,,,,,N,,,,,,,,,,,,N,,,,,,N,,,,,,S,1,,,,,N,,,,,,,N,,1,1,1,1,,1,,,,2,B,2,1,,,,,,,,,,,
619,S,RS,B,,D,,1,,1,,,S,1,1,,S,,,,,1,S,1,,,,1,,1,,,S,,1,,,S,,,1,1,1,,S,1,,,,,S,,1,1,,,N,,,,,,S,,1,1,,,,S,A,,1,1,1,1,1,,,,2,A,2,1,,,,,,,,,,,
621,S,RS,B,,D,,,,1,,,N,,,,N,,,,,,N,,,,,,,,,,N,,,,,,,,,,,,N,,,,,,N,,,,,,S,1,,,,,N,,,,,,,N,,,,,1,1,1,,,,2,B,0,1,,,,,,,,,,,
622,S,RS,D,S,C,,,,1,,,N,,,,S,1,1,,,,S,1,,1,1,,,1,,,S,1,,,,S,,,1,,,,S,1,,,,,S,1,1,,,,S,1,,1,,,S,,,1,,,,N,,,1,,1,1,1,,,,2,A,2,1,,,,,,,,,,,
624,S,SP,B,,D,1,,,1,,,S,1,,,S,1,,,,,S,1,,,,,,,1,,N,,,,,,,,,,,,S,1,,,,,S,1,,1,,,N,,,,,,S,,,1,,1,,N,,1,1,1,1,1,1,,,,2,A,3,1,,,,,,,,,1,,
625,S,RJ,B,,D,,,,1,,,N,,,,S,,1,,,,S,1,,,,,,,1,,S,1,,,,S,1,,,,,,S,1,,,,,S,,1,,,,S,1,1,,,,S,,,,,1,,N,,,1,1,1,1,1,,1,,2,B,4,1,,,,,,1,,,,,
628,S,RS,B,,D,,1,1,1,,1,S,1,1,,S,1,1,,,,S,1,,,,,,,,1,S,1,,,,S,1,,,,1,,S,1,,1,,,S,1,1,1,,,S,1,,1,1,,S,,1,,1,,,N,,,1,1,1,1,1,1,,,2,A,3,1,,,,,,,,,,,
630,S,RJ,B,,D,1,,,1,,,N,,,,S,,1,,,,S,1,,,,,,,,,N,,,,,,,,,,,,S,1,1,,,,S,,1,,,,N,,,,,,N,,,,,,,N,,1,1,1,1,1,1,1,1,,2,B,4,1,,,,,1,,,,,,
631,S,RS,B,,D,1,,,1,,,N,,,,N,,,,,,N,,,,,,,,,,N,,,,,,,,,,,,S,1,,1,,,N,,,,,,N,,,,,,S,,1,,,1,,N,,,,,1,,1,,,,3,A,2,,,,,,,,,,1,,
633,S,RJ,B,,D,,1,,1,,,U,,,,N,,,,,,N,,,,,,,,,,N,,,,,,,,,,,,S,1,,1,,,S,,1,,,,N,,,,,,S,,1,,,,,N,,,1,1,1,1,1,,,,1,A,2,1,,1,,,,,,,,,
635,S,SP,D,S,D,,,,1,,,N,,,,S,,1,,,,S,,,,,,,,,1,N,,,,,,,,,,,,N,,,,,,N,,,,,,S,1,,1,,,N,,,,,,,N,,,1,1,1,,1,,,,2,B,2,1,,,,,,,,,,,
636,S,MG,B,,D,1,,,1,,,S,,,1,S,,1,,,1,S,,,1,,1,,1,1,,S,1,,,,N,,,,,,,S,1,,,,,S,,1,,,,S,1,,,,,S,,1,,,,1,S,A,,1,1,1,1,1,1,,,3,A,1,1,,,,,1,,,,,,
638,S,SP,A,S,D,,,1,1,,,S,1,,,S,1,1,,,,S,1,,,1,,,1,1,,S,1,1,,,S,1,,1,,1,,S,1,1,1,,,S,1,1,1,,,S,1,,1,1,,S,,1,1,1,,,N,,1,1,1,1,1,1,1,1,,1,A,2,1,1,,,,1,,,,,,
639,S,MG,B,,B,,,,1,,,N,,,,N,,,,,,N,,,,,,,,,,N,,,,,,,,,,,,N,,,,,,N,,,,,,S,1,,,,,N,,,,,,,N,,1,1,,1,,1,,,,3,A,2,1,,,1,1,,,,,,,
640,S,RJ,B,,D,,,,1,,1,N,,,,N,,,,,,S,1,,1,,,,,,,N,,,,,,,,,,,,S,1,,1,,1,S,1,1,,,,S,1,,1,,,S,,1,1,,,,N,,1,1,1,1,1,1,,,,1,A,2,1,,1,1,,,,,,,,
641,S,RS,B,,D,,,,,,1,S,,,1,S,,1,,,,S,1,,,,,,,,,S,1,1,,,S,1,,,,,,S,1,,,,,N,,,,,,N,,,,,,N,,,,,,,N,,1,1,1,1,1,1,,1,,2,B,2,1,,,,,,,,,,,
647,S,CE,D,N,D,,,,1,,,N,,,,N,,,,,,N,,,,,,,,,,N,,,,,,,,,,,,S,,,1,,,N,,,,,,S,1,,,,,N,,,,,,,N,,,,,1,,1,,,,2,A,2,,,1,,,,,,,,,
648,S,SP,A,N,A,,,,1,,,U,,,,N,,,,,,N,,,,,,,,,,N,,,,,,,,,,,,N,,,,,,N,,,,,,N,,,,,,N,,,,,,,N,,1,,,1,,1,,,,3,A,0,,,1,,,,,,,,,
651,S,RJ,A,N,D,,,,1,,,N,,,,N,,,,,,N,,,,,,,,,,N,,,,,,,,,,,,S,1,,1,,,N,,,,,,S,1,,,,,N,,,,,,,N,,,,,1,,1,,,,3,A,2,,,,,,,,,1,,,
655,S,PE,B,,C,,,,1,,,N,,,,N,,,,,,N,,,,,,,,,,N,,,,,,,,,,,,N,,,,,,S,1,,,,,S,1,,,,,N,,,,,,,N,,,,,1,,1,,,,2,A,1,1,,,,,,,,,,,
657,S,PR,B,,C,,,,1,,,U,,,,S,1,1,,,,S,1,,,,,,,,,N,,,,,,,,,,,,S,1,,1,,,S,,1,,,,N,,,,,,N,,,,,,,N,,1,1,1,1,1,1,,,,2,A,1,1,,,,,,,,,,,
659,S,SP,B,,C,,1,,1,,,S,,1,,S,1,1,,,,S,1,,,,,,,,,S,1,,1,,S,,,,,1,,S,1,,,,,S,,1,,,,S,1,,,1,,S,,,,1,,,N,,1,1,1,1,1,1,,,,2,A,2,1,,,,,,,,,,,
660,S,RS,E,S,D,,,,1,1,,N,,,,N,,,,,,S,1,,,,,,,,,N,,,,,,,,,,,,S,1,,1,,,S,,1,,,,N,,,,,,N,,,,,,,N,,,1,1,1,1,1,,,,2,A,3,1,,,,,,,,,,,
663,S,CE,B,,D,,,,1,,,N,,,,N,,,,,,N,,,,,,,,,,N,,,,,,,,,,,,S,,,1,,,N,,,,,,S,1,,,1,,N,,,,,,,N,,,,,1,,1,,,,2,A,0,1,,,,,,,,,,,
665,S,RJ,A,S,B,,,,1,,,N,,,,S,,,,,1,N,,,,,,,,,,N,,,,,,,,,,,,S,,,1,,,N,,,,,,S,1,,,,,N,,,,,,,N,,1,1,1,1,1,1,,,,2,A,0,1,,,,,,,,,1,,
666,S,RS,B,,D,,1,,1,,,N,,,,S,1,,,,,S,1,,,,,,,,,N,,,,,,,,,,,,S,1,,,,,S,1,,,,,S,1,,,1,,S,,,,,1,,N,,,1,1,1,1,1,,,,1,A,2,1,,,,,1,,,,,,
668,S,SP,B,,D,,,,1,,,N,,,,N,,,,,,N,,,,,,,,,,N,,,,,,,,,,,,S,,,1,,,S,1,,,,,N,,,,,,N,,,,,,,N,,1,1,1,1,1,1,,,,2,A,2,1,,,,,,,,,,,
669,S,SP,B,,D,,,,1,,,N,,,,N,,,,,,N,,,,,,,,,,S,1,,,,S,1,,,,,,S,1,,1,,,N,,,,,,N,,,,,,N,,,,,,,N,,,,,1,,1,,,,3,A,2,1,,,,,,,,,,,
696,S,PA,B,,D,,,,1,,,S,,1,,S,1,,1,,,S,1,,,,,,,,,S,,1,1,,S,,1,,1,,,S,1,,,,,S,1,,,,,S,,,,1,,S,,1,1,,,,S,A,1,1,1,1,1,1,1,,,2,A,2,1,,,,1,,,,,,,
702,S,SP,B,,C,1,1,,1,,,S,1,,,S,1,1,,,,S,1,,,,,,,,,N,,,,,,,,,,,,S,1,,,,,S,,1,,,,S,1,,1,,1,S,,,,,,,N,,,1,1,1,1,1,1,,,3,A,3,1,,,,,,,,1,,,
704,S,PR,B,,B,1,,,,,,U,,,,S,,1,,,,S,1,,,,,,,,,N,,,,,,,,,,,,S,1,,,,,N,,,,,,S,1,,,,,N,,,,,,,N,,,,,1,,1,1,,,3,A,1,1,,,,,,,,,,,
708,S,SP,B,,D,,,,1,,,N,,,,N,,,,,,N,,,,,,,,,,S,1,,,,N,,,,,,,S,,,1,,,S,1,,,,,N,,,,,,N,,,,,,,N,,,1,1,1,1,1,,,,2,B,2,1,,1,1,1,,,,,,,
709,S,RJ,B,,A,,,,1,,,N,,,,N,,,,,,N,,,,,,,,,,N,,,,,,,,,,,,S,1,,,,,N,,,,,,N,,,,,,N,,,,,,,N,,1,,,1,,1,,,,3,B,0,1,,,,,,,,,,,
713,S,MG,B,,D,1,,,1,,,N,,,,S,1,1,,,,S,1,,,,,,,,,S,,1,,,S,,1,,,,,S,,,1,,,S,1,,,,,S,1,,,,,N,,,,,,,N,,,1,,1,,1,,,,1,A,1,1,,,,,,,,,,,
718,S,SP,D,N,D,1,,,1,,,N,,,,S,,,,1,,S,1,,,,,,,,,N,,,,,,,,,,,,S,1,,,,,N,,,,,,S,,,,,,N,,,,,,,N,,1,1,1,1,1,1,1,,,2,A,2,1,,,,,,,,,,,
724,S,RS,A,N,D,,,,1,,,N,,,,N,,,,,,N,,,,,,,,,,N,,,,,,,,,,,,N,,,,,,N,,,,,,S,,,,,1,N,,,,,,,N,,,1,1,1,,1,,,,1,A,1,,,,1,1,,,,,,,
728,S,RJ,B,,D,1,,,1,,,N,,,,S,1,1,,,,S,1,,,,,,,,,N,,,,,,,,,,,,S,1,,,,,S,1,,,,,S,1,,,,,N,,,,,,,N,,1,1,1,1,1,1,1,,,2,B,3,1,,,,,,,,,,,
730,S,DF,B,,D,,,,1,,,S,,,,N,,,,,,S,1,,,,,,1,1,,N,,,,,,,,,,,,S,1,,,,,S,,1,,,,N,,,,,,N,,,,,,,S,A,1,1,1,1,1,1,1,1,,3,A,3,1,,,,,,,,,,,
735,S,RJ,B,,C,,,,1,,,N,,,,N,,,,,,N,,,,,,,,,,N,,,,,,,,,,,,N,,,,,,N,,,,,,N,,,,,,N,,,,,,,N,,1,1,1,1,,,,,,0,A,1,1,,,,,,,,,,,
736,S,RS,A,N,C,,,,1,,,U,,,,N,,,,,,N,,,,,,,,,,N,,,,,,,,,,,,S,,,1,,,N,,,,,,S,1,,,,,N,,,,,,,N,,,,,1,,,,,,2,A,2,,,,,,,,,1,,,
737,S,SE,B,,B,,,,1,,,N,,,,N,,,,,,N,,,,,,,,,,N,,,,,,,,,,,,S,1,,,,,N,,,,,,S,,,,,1,N,,,,,,,N,,,1,1,1,1,,,,,1,A,1,1,,,,,,,,,,,1
741,S,GO,F,S,D,,,,1,,,U,,,,N,,,,,,N,,,,,,,,,,N,,,,,,,,,,,,N,,,,,,N,,,,,,N,,,,,,N,,,,,,,N,,,1,1,1,,,1,,,2,A,1,,,1,,,,,,,,,
742,S,SP,E,S,C,,,,1,,,S,,,,N,,,,,,S,1,,,,,,,,,N,,,,,,,,,,,,S,1,,,,,S,,1,,,,S,1,,,,,N,,,,,,,N,,,1,1,1,,1,,,,2,A,3,1,,,,,,,,,,,
745,S,BA,A,S,C,,1,,1,1,1,N,,,,N,,,,,,N,,,,,,,,,,N,,,,,,,,,,,,S,1,,,,,S,,1,,,,S,1,,1,,,S,,1,,,,,S,A,,,,1,1,1,,,,3,A,2,1,,,,,,,,,,,
746,S,SE,A,S,D,,,,1,,,N,,,,N,,,,,,S,1,,,,,,,,,N,,,,,,,,,,,,N,,,,,,S,,1,,,,N,,,,,,N,,,,,,,N,,,1,1,1,1,1,,,,2,A,1,1,,,,,,,,,,,1
750,N,,A,N,D,,1,,1,,,N,,,,S,,,,,1,S,1,,,,,,,,,S,1,,,,S,1,,,,,,S,1,,,,,N,,,,,,S,1,,,,,N,,,,,,,N,,,1,1,1,1,1,,,,3,B,2,1,,1,,,,,,,,,
752,S,RJ,B,,C,,1,,1,,,S,1,1,,N,,,,,,S,,,,,,,1,,,S,1,1,1,,S,1,,1,1,1,,S,1,,,,,S,,1,,,,S,1,,,,,S,,1,,,,,S,A,1,1,1,1,1,1,1,1,,2,A,2,1,,,,,1,,,,,,
753,S,MG,B,,D,1,,,1,,,S,,1,,S,1,1,,,,S,1,,,,,,,1,,N,,,,,,,,,,,,S,1,,,,,S,,1,,,,N,,,,,,S,,1,,1,,,N,,1,1,1,1,1,1,1,,,3,A,3,1,,,,,1,,,,,,
754,S,GO,B,,C,,1,,1,,,N,,,,S,1,1,,,,S,1,,,,,,,,,N,,,,,,,,,,,,S,1,,,,,S,,1,,,,S,1,,,,,S,,,,,1,,N,,1,1,1,1,1,1,,,,2,A,0,1,,,,,,,,,,,
758,S,PR,D,S,D,,,,1,,,N,,,,S,1,1,,,,S,1,,,,,,,,,N,,,,,,,,,,,,S,1,,,,,S,1,,,,,N,,,,,,N,,,,,,,N,,1,1,1,1,1,1,,,,1,A,3,1,,,,,,,,,,,
761,S,RJ,B,,C,,,,1,,,N,,,,N,,,,,,N,,,,,,,,,,N,,,,,,,,,,,,S,,,,,1,N,,,,,,S,,,,,1,N,,,,,,,N,,,,,1,,1,,,,2,A,1,,,,1,,,,,,,,
762,S,GO,B,,C,1,,,,,1,S,1,1,,N,,,,,,S,1,,,,,,,,,S,1,,,,S,1,,1,,,1,S,1,,,,,S,,1,,,,N,,,,,,N,,,,,,,N,,,1,1,1,,1,,,,3,A,2,1,,,,,,,,,,,
764,S,SP,B,,C,1,,,1,,,S,1,,,S,,1,,,,N,,,,,,,,,,N,,,,,,,,,,,,S,1,,,,,S,,1,,,,S,1,,,,,N,,,,,,,N,,,1,1,1,1,1,1,,,2,A,2,1,,,,,,,,,,,
766,S,RJ,B,,D,1,,,1,,,N,,,,N,,,,,,N,,,,,,,,,,N,,,,,,,,,,,,S,1,,,,,S,1,1,,,,S,1,,,,,S,,,,,1,,N,,,,,1,1,1,,,,3,A,2,1,,,1,,,,,,,,
768,S,RS,B,,D,,1,,1,,,N,,,,S,,1,,,,S,1,,,,,,,,,N,,,,,,,,,,,,S,1,,1,,,S,1,1,1,,,S,,,1,,,N,,,,,,,N,,1,1,1,1,1,1,1,,,2,A,1,1,,,,,,,,,,,
769,S,PR,E,S,D,,,,1,,,U,,,,N,,,,,,N,,,,,,,,,,N,,,,,,,,,,,,N,,,,,,S,1,,,,,S,1,,,,,N,,,,,,,N,,,1,,1,,1,,,,2,A,2,1,,,,,,,,,,,
772,S,SP,E,S,D,,,,1,,,U,,,,N,,,,,,N,,,,,,,,,,N,,,,,,,,,,,,S,1,,,,,S,1,1,,,,S,1,,,,,N,,,,,,,N,,,,,1,,1,,,,2,A,1,1,,,,,,,,,,,
777,S,SP,A,N,A,,,,1,,,U,,,,N,,,,,,N,,,,,,,,,,N,,,,,,,,,,,,S,1,,,,,S,,1,,,,S,1,,,,,N,,,,,,,N,,,,1,1,,1,,,,2,A,0,1,,,,,,,,,,,
781,S,PE,B,,D,,,,1,,1,S,1,,,S,1,,,,,N,,,,,,,,,,N,,,,,,,,,,,,S,1,,,,,N,,,,,,S,1,,,,,N,,,,,,,N,,,1,1,1,,1,,,,2,F,2,1,,,,,,,,,,,
783,S,PE,B,,D,,,,1,,,N,,,,N,,,,,,N,,,,,,,,,,N,,,,,,,,,,,,S,1,,1,,,N,,,,,,N,,,,,,N,,,,,,,N,,,,,1,1,1,,,,2,B,1,1,,1,,1,,,1,,,,
787,S,PE,B,,D,,,,1,,1,S,1,,,S,1,,,,,N,,,,,,,,,,N,,,,,,,,,,,,S,1,,,,,N,,,,,,S,1,,,,1,N,,,,,,,N,,,1,1,1,,1,,,,2,F,2,1,,,,,,,,,,,
788,S,CE,A,N,B,,,,1,,,N,,,,N,,,,,,N,,,,,,,,,,N,,,,,,,,,,,,S,1,,1,,,N,,,,,,S,1,,1,,,N,,,,,,,N,,,,,1,,1,,,,3,B,1,1,,,,,,,,,1,,
803,S,SP,A,N,D,,,,1,,,U,,,,S,,1,,,,S,1,,1,,,,,,,N,,,,,,,,,,,,S,1,,1,,,S,1,1,,,,S,1,,,,,S,,,,,1,,N,,1,1,1,1,1,1,1,1,,2,A,2,1,,1,,,,,,1,,,
806,S,RS,A,S,C,,,,1,,,N,,,,N,,,,,,N,,,,,,,,,,N,,,,,,,,,,,,S,1,,,,,N,,,,,,N,,,,,,N,,,,,,,N,,,1,1,1,,1,,,,2,A,2,1,,1,,,,,,,1,,
811,S,SC,B,,C,,,,1,,,S,,1,,S,,1,,,,S,1,,1,,,,,,,N,,,,,,,,,,,,S,1,,,,,S,1,,,,,S,1,,,,,S,,,1,,,,N,,,1,1,1,1,1,,1,,2,A,1,1,,,,,,,,,1,,
812,S,GO,B,,C,,,,1,,,N,,,,N,,,,,,N,,,,,,,,,,N,,,,,,,,,,,,S,1,,,,,N,,,,,,S,1,,,,,N,,,,,,,N,,,,,1,1,1,,,,1,A,0,1,,,,,,,,,,,
813,S,RS,B,,D,,,,1,,,N,,,,S,1,1,,,,S,1,,,,,,,,1,N,,,,,,,,,,,,S,1,,,,,S,1,1,,,,S,1,,,1,,N,,,,,,,N,,1,1,1,1,1,1,1,,,2,A,2,1,,,,,,,,,,,
815,S,SP,B,,D,,,,1,,,N,,,,N,,,,,,N,,,,,,,,,,N,,,,,,,,,,,,S,1,,1,,,S,1,,,,,S,1,,,,,N,,,,,,,N,,,,1,1,1,1,,,,2,A,2,1,,,,,,,,,,,
819,S,SP,E,S,D,,,,1,,,U,,,,N,,,,,,N,,,,,,,,,,N,,,,,,,,,,,,S,,,,,1,N,,,,,,N,,,,,,N,,,,,,,N,,1,1,,1,,1,,,,1,A,2,1,,,,,,,,,,,
822,S,SP,B,,D,,,,1,,1,N,,,,S,,,,,1,S,1,,,,,,,,,N,,,,,,,,,,,,S,,,1,,,S,1,,,,,S,1,,,,,N,,,,,,,N,,1,1,1,1,1,1,,,,1,B,2,1,,1,1,,,,,,,,
824,S,PE,A,S,C,,,,1,,,N,,,,S,,,,,,S,,,,,,,,,,S,1,,1,,N,,,,,,,N,,,,,,S,,1,,,,N,,,,,,N,,,,,,,N,,1,1,1,1,1,1,1,1,,2,A,2,1,,,,,,,,,,,
825,S,SP,B,,D,,,,1,,,S,,1,,N,,,,,,S,1,,,,,,,,,N,,,,,,,,,,,,S,1,,,,,S,1,,,,,N,,,,,,N,,,,,,,N,,,,,1,,1,,,,1,B,2,1,,,1,,,,,,,,
827,S,SP,B,,D,,,,1,,,U,,,,N,,,,,,S,,,,,1,,,1,,N,,,,,,,,,,,,S,1,,,,,N,,,,,,S,,,1,,,N,,,,,,,N,,,1,1,1,1,1,,,,2,A,3,1,,,,,,,,,,,
829,S,SP,B,,C,1,,,1,,,S,1,,,N,,,,,,N,,,,,,,,,,S,,,1,,S,,,,,1,,S,1,,,,,S,,1,,,,S,1,,,,,N,,,,,,,N,,1,1,1,1,,1,,,,2,A,3,1,,,,,,,,,,,
831,S,RS,B,,D,1,,,1,,,S,1,,,N,,,,,,S,1,,,,,,,,,S,1,,,,S,1,,,,,,S,1,,,,,S,1,,,,,S,1,,,,,S,,,,,1,,N,,1,1,1,1,1,,,,,3,B,2,1,,,,,,,,,,,
841,S,MG,B,,D,,,,1,,,U,,,,N,,,,,,S,1,,,,,,,,,N,,,,,,,,,,,,S,1,,,,,S,,1,,,,N,,,,,,N,,,,,,,N,,1,1,1,1,1,1,,1,,2,B,4,1,,,,,,,,,,,
844,S,RO,A,N,B,1,,,1,,,U,,,,N,,,,,,N,,,,,,,,,,N,,,,,,,,,,,,S,1,1,,,,N,,,,,,S,1,,1,1,,N,,,,,,,N,,1,1,1,1,,1,1,,,3,A,2,1,,,,1,,,,,,,
845,S,SP,E,N,A,,,,1,,,N,,,,N,,,,,,N,,,,,,,,,,N,,,,,,,,,,,,N,,,,,,N,,,,,,S,1,,,,,N,,,,,,,N,,,,,1,,,1,,,1,A,1,1,,,,,,,,,,,
846,S,SP,B,,D,,,,1,,,U,,,,N,,,,,,N,,,,,,,,,,N,,,,,,,,,,,,S,,,1,,,N,,,,,,S,1,,1,,,N,,,,,,,N,,1,1,1,1,,1,,,,2,B,2,1,1,1,,,,,,,,,
847,S,RS,B,,D,,,,1,,,S,1,,,S,1,,,,,S,1,,,,,,,,,N,,,,,,,,,,,,S,1,,1,,,S,1,1,,,,S,1,,,1,,S,,1,,1,,,N,,1,1,1,1,1,1,1,,,2,A,2,1,,,,,,,,,,,
848,S,SP,B,,D,,,,1,,,N,,,,N,,,,,,N,,,,,,,,,,N,,,,,,,,,,,,S,1,,,,,S,,1,,,,N,,,,,,N,,,,,,,N,,1,1,1,1,1,1,1,,,1,B,2,1,,,,,,,,,,,
851,S,RJ,B,,D,1,,,1,,,S,,1,,N,,,,,,N,,,,,,,,,,N,,,,,,,,,,,,S,,,1,,,N,,,,,,N,,,,,,N,,,,,,,N,,1,1,1,1,,1,,,,1,A,2,,,,1,1,,,,,,,
852,S,RS,B,,C,,,,1,1,,U,,,,S,,1,,,,N,,,,,,,,,,N,,,,,,,,,,,,S,,,,,1,S,1,,,,,S,1,,,,,N,,,,,,,N,,1,1,1,1,,1,,,,1,A,2,1,,1,,,,,,,,,
857,S,RJ,B,,D,,,,1,,,N,,,,N,,,,,,N,,,,,,,,,,S,1,,,,N,,,,,,,N,,,,,,N,,,,,,N,,,,,,N,,,,,,,N,,,1,,1,,1,,,,2,A,1,,,,,,,,,,,1,
860,S,RS,B,,C,,,,1,,,S,1,,,N,,,,,,N,,,,,,,,,,N,,,,,,,,,,,,N,,,,,,S,1,1,,,,N,,,,,,N,,,,,,,N,,,1,1,1,1,1,,,,1,A,2,1,,,,,,,,,,,
861,S,SP,B,,C,,1,,1,,,S,1,,,S,,1,,,1,S,1,,1,,,,,,,N,,,,,,,,,,,,S,1,,,,,N,,,,,,S,1,,,,,S,,,,,,1,N,,,1,1,1,1,,,1,,2,A,4,,1,1,,,,,,1,,,
865,S,RJ,D,S,B,,,,1,,,U,,,,N,,,,,,N,,,,,,,,,,N,,,,,,,,,,,,S,,,,,1,S,1,1,,,,S,1,,,,,N,,,,,,,N,,,1,1,1,,,,,,1,B,2,,,,1,,,,,,,,1
868,S,SP,F,N,D,,,,1,,,U,,,,N,,,,,,S,1,,,,,,,,,S,1,1,,,N,,,,,,,S,1,,1,,,S,1,1,,,,S,1,,1,,,N,,,,,,,N,,1,1,1,1,1,1,,,,2,A,2,1,,,,,1,,,,,,
872,S,RS,B,,D,,,,1,,,S,,1,,S,,1,,,,S,1,,,,,,,,,N,,,,,,,,,,,,S,1,,,,,S,1,,,,,S,1,,,1,,N,,,,,,,N,,1,1,1,1,1,1,,1,,2,A,2,1,,,,,,,,,,,
874,S,RJ,B,,B,,,,1,,,N,,,,N,,,,,,N,,,,,,,,,,N,,,,,,,,,,,,S,,,1,,,N,,,,,,S,1,,,,,N,,,,,,,N,,,1,1,1,,1,,,,2,A,2,,1,1,,,,,,,,,
877,S,RJ,B,,D,,,,1,,,N,,,,N,,,,,,N,,,,,,,,,,N,,,,,,,,,,,,S,1,,,,,N,,,,,,S,1,,,,,N,,,,,,,N,,,1,1,1,,1,,,,2,A,2,1,,,,,,,,,,,
879,S,SP,B,,C,1,1,,1,,,S,1,,,S,1,1,,,,S,1,,,,,,,,,S,1,1,,,S,1,1,1,1,1,,S,1,,,,,S,,1,,,,S,1,,1,,,S,1,,,1,,,N,,1,1,1,1,,1,1,,,3,A,3,1,,,,,,,,,,,
881,S,PE,B,,D,,,,1,,,N,,,,N,,,,,,N,,,,,,,,,,S,,,1,,N,,,,,,,S,1,,1,,,S,1,1,,,,N,,,,,,N,,,,,,,N,,,1,1,1,,1,,,,1,A,2,1,,,,,,,,,,,
884,S,RJ,A,S,D,,1,,1,1,1,N,,,,N,,,,,,N,,,,,,,,,,S,1,1,,,S,1,,1,,,,S,1,1,,,,S,1,,,,,S,1,,,,,S,,,,1,,,N,,,1,1,1,,,,,,3,A,3,1,,1,,,1,,1,,,,
885,S,RJ,B,,D,,1,,1,,,N,,,,N,,,,,,N,,,,,,,,,,S,1,,1,,S,1,,1,,,,S,1,,,,,S,,1,,,,N,,,,,,N,,,,,,,N,,,1,1,1,1,1,,,,2,A,1,1,,,,,,,,,,,
888,S,SP,E,S,C,,,,1,,1,U,,,,N,,,,,,N,,,,,,,,,,N,,,,,,,,,,,,S,1,,,,,S,,1,,,,N,,,,,,N,,,,,,,N,,1,1,1,1,,1,1,,,2,A,2,1,,,,,,,,,,,
893,S,SC,B,,D,1,,,1,,1,S,,,1,S,1,1,,,,S,1,,,,,,1,,,S,1,1,,,S,,1,1,,,,S,1,,1,,,S,,1,,,,S,1,,,,,S,,,,,1,1,S,A,1,1,1,1,1,,,1,,3,A,2,1,,,,,,,,,,,1
896,S,SP,B,,B,1,,,1,,,N,,,,S,,1,,,,N,,,,,,,,,,S,,,1,,S,,,,,1,,S,1,,,,,S,1,1,,,,N,,,,,,N,,,,,,,S,A,1,,1,1,1,1,,,,2,B,1,1,,1,,,,,,,,,
898,S,SP,B,,D,,1,,1,,,S,,1,,S,1,1,,,,S,1,,,,,,,,,N,,,,,,,,,,,,S,1,,,,,S,1,,,,,S,1,,,,,S,,,1,,,,N,,1,1,1,1,1,,,1,,2,A,2,1,,,,,,,,,,,
899,S,RS,B,,D,,,,1,,,U,,,,N,,,,,,N,,,,,,,,,,N,,,,,,,,,,,,S,,,,,1,S,1,,,,,S,1,,,,,N,,,,,,,N,,1,1,1,1,1,1,,,,2,B,1,,,,1,,,,,,,,
905,S,RJ,B,,D,,,,1,,1,S,1,,,S,1,,,,,S,1,,1,,,,,,,S,1,,,,S,,,,,,1,S,1,,,,,S,,1,,,,N,,,,,,N,,,,,,,N,,,1,1,1,1,,,,,2,A,2,1,,,,,,,,,,,
915,S,PE,B,,C,,,,1,,,S,,,,S,1,1,,,,S,1,,,,,,,,,N,,,,,,,,,,,,S,1,,,,,N,,,,,,N,,,,,,N,,,,,,,N,,1,1,1,,,1,,,,2,B,1,1,,,,,,,,,,,
928,S,RS,B,,C,,,,1,,,S,1,,,S,1,1,,,,S,1,,,,,,,,,N,,,,,,,,,,,,S,1,,,,,N,,,,,,S,1,,,,,S,,,,1,,,N,,,1,1,1,1,1,,,,3,A,3,1,,,,,,,,,,,
